,tt0115685,tt0115751,tt0116209,tt0116282,tt0116365,tt0116367,tt0116483,tt0116629,tt0116695,tt0117060,tt0117500,tt0117571,tt0117731,tt0117913,tt0117951,tt0118617,tt0118655,tt0118694,tt0118715,tt0118749,tt0118799,tt0118884,tt0118929,tt0118971,tt0119094,tt0119116,tt0119164,tt0119174,tt0119177,tt0119217,tt0119282,tt0119396,tt0119472,tt0119485,tt0119488,tt0119643,tt0119654,tt0119698,tt0119822,tt0120201,tt0120338,tt0120363,tt0120382,tt0120586,tt0120601,tt0120611,tt0120616,tt0120623,tt0120630,tt0120631,tt0120660,tt0120663,tt0120669,tt0120679,tt0120689,tt0120735,tt0120737,tt0120762,tt0120768,tt0120784,tt0120789,tt0120794,tt0120812,tt0120815,tt0120855,tt0120863,tt0120889,tt0120902,tt0120903,tt0120917,tt0121164,tt0121766,tt0122690,tt0123755,tt0125439,tt0126029,tt0126886,tt0127536,tt0128445,tt0129167,tt0129387,tt0130827,tt0133093,tt0133240,tt0134119,tt0134847,tt0137523,tt0138097,tt0139654,tt0144084,tt0144117,tt0145487,tt0146309,tt0146882,tt0147800,tt0151804,tt0154420,tt0158983,tt0159097,tt0162222,tt0162346,tt0162661,tt0163651,tt0165798,tt0166813,tt0166896,tt0166924,tt0167260,tt0167261,tt0167404,tt0168629,tt0169547,tt0171804,tt0172495,tt0175880,tt0177789,tt0180093,tt0181689,tt0181865,tt0181875,tt0183649,tt0185014,tt0185125,tt0186151,tt0187393,tt0190332,tt0190590,tt0195685,tt0198781,tt0200465,tt0203009,tt0203019,tt0203119,tt0206634,tt0208092,tt0209144,tt0210945,tt0211915,tt0212338,tt0212720,tt0215750,tt0216651,tt0217505,tt0217869,tt0230600,tt0234215,tt0238380,tt0238936,tt0240772,tt0241303,tt0241527,tt0242519,tt0243133,tt0245429,tt0245844,tt0246578,tt0247199,tt0247586,tt0248845,tt0249462,tt0250258,tt0251160,tt0253474,tt0256009,tt0257044,tt0258463,tt0264464,tt0264616,tt0265086,tt0265666,tt0266308,tt0266543,tt0266697,tt0268380,tt0268978,tt0272152,tt0274812,tt0275277,tt0275847,tt0276751,tt0277027,tt0277434,tt0278504,tt0280707,tt0286112,tt0287467,tt0289043,tt0289765,tt0289879,tt0289992,tt0290334,tt0290673,tt0293508,tt0295297,tt0296042,tt0298130,tt0298148,tt0298203,tt0299977,tt0302886,tt0304141,tt0305206,tt0307987,tt0308644,tt0309698,tt0310203,tt0310793,tt0311113,tt0311289,tt0312004,tt0314331,tt0315733,tt0316654,tt0317219,tt0317248,tt0317705,tt0317740,tt0318462,tt0319061,tt0320661,tt0320691,tt0325710,tt0325980,tt0327056,tt0327597,tt0328107,tt0330373,tt0332136,tt0332280,tt0332379,tt0332452,tt0333766,tt0335266,tt0335345,tt0337978,tt0338013,tt0338564,tt0338751,tt0343818,tt0345950,tt0347149,tt0347246,tt0347473,tt0347618,tt0352248,tt0353969,tt0357413,tt0359950,tt0360486,tt0360717,tt0361748,tt0361862
,0.558,0.489,0.772,0.499,0.65,0.551,0.471,0.595,0.724,-0.101,0.485,0.523,0.665,0.642,0.513,0.535,0.251,0.386,0.571,-0.229,0.453,0.571,0.416,0.806,0.576,0.85,0.747,0.442,-0.333,0.173,0.105,0.609,0.442,0.453,0.239,0.533,0.618,0.558,0.491,0.799,0.656,-0.059,0.57,0.558,-0.12,0.457,0.678,0.712,0.216,0.706,0.58,0.578,0.566,0.518,0.629,0.53,0.429,0.585,0.193,0.453,0.374,0.055,-0.157,0.312,0.184,0.327,0.507,0.482,0.462,0.49,0.379,0.475,0.442,0.558,0.693,0.616,0.6,0.702,0.61,-0.277,0.596,0.389,0.523,0.653,0.164,0.753,0.651,0.449,0.544,0.36,0.404,-0.366,0.644,0.1,-0.182,0.631,0.679,0.578,0.54,0.647,0.39,0.516,0.471,0.302,0.53,0.525,0.662,0.581,0.499,-0.23,0.313,0.74,0.314,0.492,0.034,0.624,0.568,0.689,0.829,0.468,0.131,-0.699,0.685,0.274,0.52,0.504,0.298,0.117,0.458,0.523,0.299,0.179,0.311,0.514,0.444,0.368,0.582,0.628,0.186,0.467,0.635,0.663,0.386,0.138,0.659,0.447,-0.016,0.424,0.509,0.67,0.614,0.558,0.603,0.677,0.548,0.811,0.545,0.034,0.59,0.533,-0.04,0.238,0.646,0.609,0.315,0.658,0.403,0.179,0.67,0.611,0.45,0.431,0.284,0.137,0.237,0.62,0.102,0.472,0.282,0.27,-0.091,0.11,-0.231,0.125,0.405,-0.175,0.477,0.566,0.494,0.575,0.282,0.665,0.433,0.253,0.255,0.566,0.66,0.09,0.625,0.426,0.386,-0.319,0.407,0.163,0.417,0.474,0.421,0.539,0.083,-0.304,-0.368,0.226,0.614,0.418,0.214,0.627,0.558,0.753,0.553,0.359,0.817,0.013,0.769,0.524,0.48,0.323,0.567,0.147,0.432,0.369,0.38,0.354,0.195,0.096,0.431,0.536,0.54,0.37,0.207,0.375,0.472,0.282,0.365,0.192,-0.115,0.393,0.596,0.428,0.644,0.009,0.223,0.53
aguspicle,0.811,0.766,0.712,0.921,0.875,0.896,0.827,0.915,0.785,0.264,0.831,0.908,0.747,0.888,0.037,0.918,0.693,0.909,0.922,0.518,0.785,0.883,0.832,0.422,0.335,0.816,0.755,0.842,-0.447,0.723,0.683,0.691,0.452,0.685,0.404,0.907,0.563,0.877,0.756,0.731,0.865,0.064,0.749,0.365,0.32,0.923,0.775,0.704,0.786,0.664,0.826,0.818,0.761,0.921,0.49,0.868,0.817,0.596,0.792,0.784,0.804,-0.26,0.363,0.266,0.817,0.108,0.903,0.707,0.79,0.906,0.837,0.806,0.89,0.819,0.808,0.91,0.596,0.807,0.927,-0.147,0.791,0.923,0.831,0.871,0.571,0.614,0.763,0.898,0.778,0.805,0.776,-0.929,0.848,0.596,0.528,0.784,0.707,0.883,0.309,0.645,0.919,0.841,0.924,0.849,0.888,0.854,0.852,0.704,0.943,0.079,0.834,0.891,0.121,0.949,0.103,0.858,0.6,0.637,0.653,0.676,0.695,-0.257,0.832,0.778,0.815,0.624,0.832,0.17,0.911,0.957,0.746,0.76,0.649,0.842,0.923,0.88,0.186,0.921,0.742,0.926,0.503,0.705,0.117,0.363,0.685,0.751,0.604,0.917,0.468,0.732,0.819,0.905,0.918,0.882,0.908,0.428,0.886,0.583,0.749,-0.117,0.342,0.843,0.787,0.91,0.828,0.88,0.738,0.786,0.702,0.928,0.909,0.632,0.827,0.829,0.595,0.099,0.759,0.378,0.629,0.715,0.577,0.058,-0.006,0.754,0.885,-0.01,0.816,0.823,0.9,0.576,0.841,0.776,0.724,-0.07,0.855,0.908,0.387,0.669,0.852,0.745,0.897,0.294,0.734,0.749,0.885,0.842,0.799,0.799,0.273,0.05,0.217,0.833,0.89,0.783,0.613,0.691,0.59,0.274,0.801,0.886,0.876,0.143,0.472,0.424,0.935,0.552,0.626,0.761,0.39,0.901,0.871,0.809,0.621,0.582,0.569,0.766,0.943,0.231,0.514,0.656,0.871,0.669,0.29,0.688,-0.033,-0.082,0.511,0.771,0.835,0.286,0.73,0.842
ale,0.83,0.905,0.65,0.849,0.777,0.832,0.879,0.887,0.748,0.431,0.871,0.814,0.783,0.802,-0.014,0.846,0.66,0.726,0.857,0.704,0.875,0.87,0.857,0.277,0.391,0.629,0.743,0.874,-0.072,0.751,0.697,0.622,0.55,0.668,0.274,0.864,0.414,0.704,0.898,0.713,0.769,0.176,0.823,0.316,0.407,0.75,0.735,0.629,0.799,0.524,0.869,0.642,0.84,0.79,0.519,0.844,0.845,0.454,0.642,0.879,0.662,-0.097,0.439,0.142,0.731,-0.189,0.742,0.633,0.919,0.857,0.845,0.859,0.703,0.831,0.788,0.823,0.722,0.761,0.863,0.219,0.872,0.796,0.895,0.782,0.548,0.509,0.804,0.864,0.882,0.823,0.861,-0.793,0.822,0.693,0.615,0.794,0.666,0.796,0.401,0.568,0.779,0.888,0.757,0.715,0.84,0.812,0.819,0.623,0.795,0.376,0.806,0.572,0.163,0.816,0.274,0.783,0.481,0.658,0.47,0.499,0.657,0.058,0.726,0.647,0.908,0.602,0.809,0.211,0.776,0.778,0.84,0.823,0.589,0.904,0.775,0.851,0.084,0.838,0.666,0.756,0.38,0.381,0.198,0.417,0.578,0.788,0.649,0.771,0.548,0.519,0.881,0.87,0.848,0.635,0.869,0.174,0.867,0.518,0.491,-0.196,0.451,0.733,0.811,0.802,0.796,0.776,0.818,0.646,0.694,0.849,0.687,0.639,0.808,0.77,0.673,-0.053,0.661,0.49,0.497,0.664,0.771,0.271,0.31,0.621,0.828,0.208,0.908,0.866,0.871,0.738,0.85,0.498,0.875,0.119,0.733,0.84,0.311,0.6,0.815,0.8,0.737,0.408,0.836,0.8,0.729,0.889,0.693,0.887,0.171,0.413,0.234,0.716,0.758,0.882,0.787,0.56,0.731,0.169,0.739,0.754,0.717,0.241,0.349,0.564,0.788,0.694,0.446,0.601,0.219,0.711,0.755,0.866,0.628,0.751,0.774,0.788,0.749,0.218,0.444,0.599,0.736,0.648,0.415,0.73,0.217,-0.111,0.548,0.737,0.826,0.273,0.784,0.818
alemovies,0.673,0.724,0.5,0.731,0.628,0.689,0.691,0.722,0.578,0.337,0.684,0.709,0.595,0.635,-0.148,0.731,0.47,0.651,0.738,0.647,0.674,0.693,0.716,0.169,0.225,0.479,0.575,0.67,-0.069,0.545,0.508,0.534,0.351,0.456,0.212,0.714,0.299,0.593,0.713,0.515,0.65,0.276,0.606,0.117,0.371,0.644,0.643,0.521,0.695,0.357,0.697,0.647,0.67,0.662,0.327,0.689,0.656,0.317,0.582,0.676,0.55,-0.057,0.404,0.127,0.681,-0.254,0.623,0.526,0.721,0.714,0.668,0.733,0.569,0.66,0.656,0.675,0.548,0.704,0.712,0.086,0.668,0.705,0.739,0.633,0.469,0.436,0.609,0.745,0.683,0.659,0.673,-0.654,0.647,0.607,0.648,0.622,0.597,0.677,0.253,0.455,0.711,0.736,0.606,0.636,0.684,0.675,0.672,0.454,0.697,0.43,0.677,0.498,0.142,0.722,0.152,0.694,0.411,0.477,0.27,0.325,0.629,0.082,0.567,0.687,0.714,0.337,0.681,0.272,0.712,0.692,0.674,0.639,0.482,0.712,0.685,0.733,-0.002,0.711,0.688,0.679,0.214,0.396,0.173,0.422,0.463,0.622,0.656,0.692,0.426,0.4,0.68,0.728,0.695,0.504,0.726,0.056,0.696,0.568,0.42,-0.337,0.456,0.684,0.624,0.678,0.71,0.569,0.632,0.585,0.559,0.718,0.612,0.616,0.682,0.721,0.564,-0.22,0.633,0.505,0.435,0.647,0.61,0.207,0.239,0.575,0.691,0.12,0.731,0.706,0.679,0.553,0.758,0.503,0.685,-0.12,0.683,0.722,0.229,0.565,0.687,0.703,0.645,0.509,0.646,0.768,0.616,0.726,0.557,0.703,0.249,0.344,0.264,0.674,0.65,0.69,0.529,0.438,0.577,0.083,0.72,0.693,0.594,0.126,0.24,0.45,0.694,0.59,0.329,0.56,0.223,0.637,0.72,0.757,0.554,0.576,0.611,0.663,0.661,0.287,0.49,0.583,0.674,0.635,0.41,0.618,0.205,-0.07,0.423,0.74,0.659,0.329,0.639,0.708
antares,0.704,0.558,0.561,0.41,0.29,0.344,0.629,0.488,0.558,-0.117,0.52,0.412,0.599,0.396,0.375,0.433,0.315,0.032,0.465,0.335,0.655,0.499,0.578,0.418,0.285,0.362,0.536,0.662,-0.082,0.336,0.308,0.364,0.237,0.574,0.062,0.413,0.202,0.315,0.566,0.642,0.352,-0.099,0.695,0.501,0.316,0.151,0.343,0.639,0.233,0.468,0.571,-0.073,0.618,0.415,0.438,0.569,0.631,0.407,-0.122,0.639,0.058,0.216,0.296,-0.457,-0.095,0.356,0.282,0.383,0.605,0.377,0.597,0.618,0.272,0.617,0.587,0.369,0.525,0.333,0.485,0.405,0.566,0.125,0.538,0.537,-0.019,0.448,0.589,0.378,0.575,0.593,0.615,-0.264,0.602,0.305,-0.168,0.618,0.335,0.439,0.216,0.579,0.034,0.535,0.253,-0.039,0.319,0.391,0.508,0.655,0.099,0.527,0.262,0.012,0.286,0.241,0.24,0.504,0.34,0.713,0.066,-0.24,0.028,0.569,0.595,-0.19,0.568,0.284,0.248,0.556,0.083,0.1,0.562,0.361,0.476,0.593,0.125,0.278,0.246,0.386,-0.34,0.088,0.437,-0.2,0.427,0.524,0.021,0.761,0.192,0.076,0.514,0.348,0.552,0.376,0.376,0.105,0.344,0.281,0.336,-0.437,-0.014,0.163,-0.131,-0.149,0.566,0.344,0.421,0.515,0.675,-0.121,0.391,0.315,-0.095,-0.268,0.252,0.21,0.205,0.262,-0.142,0.299,0.372,-0.276,0.34,-0.094,0.391,-0.13,0.33,0.438,0.6,0.509,0.24,0.403,0.372,0.154,0.623,0.356,-0.069,0.391,0.011,-0.236,0.59,0.571,0.051,0.067,0.688,0.239,0.112,0.613,0.165,0.578,0.37,0.495,-0.38,-0.173,0.37,0.62,0.471,0.575,0.378,0.153,-0.004,-0.059,0.383,0.33,0.482,0.378,0.088,0.189,0.121,-0.1,-0.026,0.026,0.033,0.497,-0.225,0.606,0.443,0.585,0.096,0.11,-0.415,0.026,0.073,0.16,0.164,-0.116,0.528,0.385,0.314,0.038,0.576,-0.283,0.405,0.487
basic_lady56,0.651,0.819,0.554,0.733,0.639,0.686,0.708,0.742,0.571,0.372,0.71,0.683,0.61,0.623,-0.151,0.695,0.529,0.616,0.74,0.607,0.699,0.712,0.756,0.237,0.152,0.67,0.594,0.692,0.173,0.538,0.531,0.562,0.408,0.546,-0.127,0.724,0.211,0.58,0.805,0.638,0.666,0.241,0.656,-0.054,0.42,0.611,0.787,0.687,0.742,0.432,0.741,0.595,0.764,0.622,0.42,0.714,0.544,0.186,0.521,0.699,0.459,0.188,0.367,0.029,0.704,-0.154,0.571,0.502,0.786,0.734,0.683,0.823,0.52,0.709,0.68,0.684,0.6,0.776,0.712,0.109,0.715,0.686,0.756,0.706,0.306,0.477,0.663,0.735,0.721,0.626,0.711,-0.619,0.642,0.621,0.545,0.617,0.627,0.685,0.226,0.383,0.694,0.799,0.55,0.626,0.639,0.704,0.734,0.485,0.683,0.579,0.678,0.629,0.203,0.697,0.228,0.75,0.529,0.6,0.308,0.295,0.679,0.063,0.504,0.739,0.778,0.388,0.677,0.475,0.714,0.678,0.755,0.705,0.481,0.781,0.683,0.774,-0.128,0.748,0.755,0.655,0.197,0.483,0.265,0.607,0.389,0.65,0.564,0.694,0.542,0.352,0.727,0.762,0.659,0.464,0.77,0.071,0.728,0.634,0.327,-0.412,0.708,0.697,0.668,0.648,0.62,0.561,0.677,0.525,0.592,0.728,0.578,0.672,0.682,0.585,0.581,-0.339,0.646,0.598,0.36,0.695,0.696,0.297,0.337,0.534,0.716,0.136,0.777,0.706,0.73,0.621,0.653,0.504,0.789,-0.086,0.709,0.731,0.198,0.586,0.802,0.755,0.612,0.428,0.705,0.761,0.618,0.74,0.47,0.747,0.363,0.395,0.225,0.683,0.646,0.735,0.651,0.498,0.696,0.065,0.803,0.688,0.706,0.096,0.399,0.631,0.666,0.654,0.189,0.529,0.521,0.574,0.731,0.806,0.624,0.692,0.728,0.726,0.607,0.221,0.544,0.659,0.695,0.758,0.68,0.672,0.403,0.067,0.493,0.833,0.698,0.492,0.545,0.767
black_rosa72,0.701,0.618,0.579,0.67,0.639,0.608,0.495,0.671,0.687,0.291,0.605,0.679,0.691,0.628,0.107,0.734,0.064,0.533,0.719,0.232,0.596,0.658,0.599,0.394,0.354,0.567,0.724,0.448,-0.187,0.128,0.048,0.59,0.285,0.329,0.33,0.617,0.462,0.575,0.609,0.616,0.648,0.07,0.612,0.396,0.057,0.513,0.741,0.634,0.455,0.462,0.642,0.597,0.597,0.612,0.354,0.63,0.575,0.49,0.37,0.598,0.547,0.024,0.074,0.126,0.414,-0.018,0.556,0.553,0.619,0.575,0.53,0.647,0.553,0.612,0.698,0.666,0.511,0.8,0.682,-0.23,0.638,0.574,0.671,0.605,0.407,0.67,0.657,0.615,0.632,0.583,0.577,-0.422,0.684,0.313,0.459,0.655,0.639,0.642,0.347,0.627,0.525,0.669,0.478,0.439,0.655,0.712,0.745,0.504,0.604,0.292,0.505,0.515,0.196,0.66,-0.178,0.663,0.499,0.475,0.432,0.293,0.412,-0.346,0.604,0.53,0.64,0.313,0.501,0.289,0.616,0.603,0.432,0.227,0.452,0.624,0.562,0.566,0.288,0.686,0.49,0.564,0.331,0.48,0.234,0.159,0.465,0.542,0.585,0.5,0.372,0.537,0.657,0.607,0.637,0.565,0.609,0.365,0.617,0.478,0.443,0.107,-0.019,0.425,0.657,0.703,0.597,0.549,0.578,0.361,0.522,0.706,0.511,0.503,0.495,0.498,0.465,0.181,0.337,0.632,0.274,0.543,0.191,0.186,0.018,0.337,0.56,-0.026,0.625,0.734,0.55,0.55,0.62,0.675,0.554,-0.332,0.464,0.68,0.441,0.398,0.62,0.526,0.516,0.054,0.583,0.53,0.586,0.615,0.589,0.668,0.182,0.018,0.029,0.416,0.692,0.588,-0.108,0.588,0.548,0.33,0.74,0.491,0.67,0.051,0.362,0.475,0.541,0.597,0.391,0.361,0.174,0.408,0.594,0.565,0.501,0.294,0.523,0.613,0.577,0.476,0.618,0.501,0.698,0.433,0.46,0.477,-0.071,0.032,0.61,0.704,0.72,-0.0,0.503,0.614
choy93,0.799,0.85,0.823,0.802,0.768,0.791,0.81,0.871,0.806,0.183,0.81,0.77,0.791,0.778,0.182,0.778,0.593,0.623,0.828,0.39,0.827,0.834,0.782,0.566,0.437,0.854,0.824,0.824,-0.125,0.561,0.53,0.684,0.535,0.714,0.117,0.803,0.487,0.715,0.847,0.884,0.806,0.13,0.819,0.367,0.35,0.676,0.789,0.85,0.66,0.699,0.855,0.671,0.851,0.748,0.613,0.834,0.729,0.517,0.462,0.825,0.534,0.065,0.316,0.069,0.541,0.163,0.694,0.644,0.843,0.793,0.756,0.853,0.614,0.852,0.872,0.791,0.73,0.828,0.837,0.013,0.843,0.665,0.83,0.867,0.295,0.686,0.824,0.769,0.833,0.713,0.799,-0.682,0.859,0.549,0.25,0.783,0.786,0.798,0.42,0.672,0.662,0.848,0.686,0.572,0.739,0.739,0.853,0.729,0.707,0.3,0.676,0.719,0.295,0.743,0.231,0.842,0.61,0.833,0.597,0.371,0.49,-0.179,0.817,0.519,0.849,0.55,0.668,0.391,0.705,0.718,0.745,0.63,0.541,0.87,0.696,0.738,0.252,0.828,0.472,0.684,0.534,0.574,0.388,0.593,0.619,0.792,0.36,0.674,0.666,0.629,0.855,0.834,0.795,0.681,0.82,0.492,0.774,0.291,0.51,-0.017,0.397,0.551,0.825,0.788,0.678,0.81,0.785,0.458,0.779,0.802,0.576,0.554,0.666,0.531,0.49,0.121,0.476,0.53,0.492,0.485,0.505,0.171,0.211,0.431,0.733,0.172,0.837,0.81,0.777,0.697,0.672,0.634,0.842,0.209,0.572,0.805,0.381,0.395,0.896,0.8,0.622,0.205,0.798,0.611,0.643,0.833,0.599,0.825,0.32,0.253,-0.03,0.532,0.802,0.817,0.663,0.698,0.714,0.367,0.687,0.618,0.892,0.228,0.695,0.62,0.695,0.548,0.485,0.434,0.554,0.597,0.634,0.776,0.422,0.639,0.698,0.795,0.678,0.288,0.285,0.535,0.656,0.669,0.525,0.504,0.254,0.327,0.599,0.664,0.856,0.396,0.589,0.801
dead_squod78,0.795,0.683,0.682,0.759,0.786,0.771,0.7,0.832,0.862,0.371,0.794,0.749,0.854,0.857,0.28,0.775,0.392,0.667,0.791,0.23,0.795,0.863,0.621,0.47,0.53,0.699,0.842,0.679,-0.413,0.507,0.376,0.559,0.684,0.579,0.631,0.75,0.738,0.737,0.684,0.721,0.741,-0.02,0.752,0.734,-0.005,0.706,0.649,0.564,0.567,0.692,0.73,0.622,0.644,0.775,0.54,0.749,0.821,0.711,0.563,0.802,0.799,-0.349,0.183,0.193,0.493,0.116,0.76,0.686,0.745,0.73,0.669,0.592,0.829,0.755,0.752,0.847,0.545,0.671,0.818,-0.014,0.778,0.689,0.737,0.709,0.511,0.593,0.773,0.695,0.77,0.733,0.753,-0.701,0.879,0.393,0.33,0.808,0.625,0.707,0.431,0.719,0.644,0.709,0.75,0.602,0.832,0.831,0.787,0.683,0.755,-0.124,0.686,0.638,0.018,0.769,-0.088,0.709,0.486,0.577,0.812,0.747,0.403,-0.49,0.837,0.4,0.76,0.687,0.684,-0.065,0.666,0.755,0.516,0.39,0.553,0.776,0.682,0.668,0.383,0.776,0.411,0.715,0.571,0.524,0.054,-0.216,0.776,0.693,0.437,0.61,0.322,0.709,0.797,0.724,0.819,0.838,0.725,0.583,0.799,0.331,0.629,0.517,-0.142,0.512,0.773,0.855,0.655,0.83,0.749,0.555,0.621,0.798,0.668,0.415,0.673,0.592,0.443,0.544,0.42,0.374,0.434,0.485,0.216,0.075,-0.027,0.497,0.713,0.077,0.717,0.864,0.694,0.577,0.687,0.622,0.642,0.29,0.536,0.75,0.441,0.465,0.6,0.495,0.697,-0.153,0.737,0.461,0.705,0.713,0.767,0.743,-0.182,0.005,0.096,0.498,0.838,0.756,0.359,0.682,0.505,0.356,0.593,0.598,0.785,0.324,0.457,0.318,0.69,0.516,0.701,0.509,0.083,0.595,0.618,0.572,0.53,0.343,0.488,0.566,0.744,0.242,0.372,0.349,0.721,0.155,0.088,0.597,-0.329,-0.329,0.647,0.479,0.819,-0.239,0.669,0.638
dry_trabb61,0.848,0.809,0.784,0.921,0.845,0.892,0.831,0.94,0.832,0.228,0.853,0.9,0.786,0.868,0.046,0.893,0.623,0.836,0.929,0.49,0.844,0.901,0.822,0.474,0.375,0.832,0.819,0.854,-0.372,0.637,0.593,0.701,0.489,0.695,0.354,0.887,0.593,0.854,0.803,0.791,0.881,0.191,0.772,0.385,0.36,0.859,0.774,0.786,0.774,0.696,0.855,0.861,0.797,0.897,0.49,0.891,0.826,0.607,0.702,0.843,0.754,-0.188,0.422,0.16,0.729,0.122,0.865,0.734,0.829,0.887,0.816,0.846,0.81,0.87,0.887,0.892,0.628,0.853,0.921,-0.135,0.819,0.849,0.854,0.9,0.466,0.663,0.789,0.881,0.818,0.801,0.825,-0.863,0.911,0.622,0.462,0.803,0.806,0.878,0.328,0.725,0.856,0.867,0.859,0.766,0.858,0.826,0.878,0.738,0.884,0.196,0.81,0.832,0.181,0.917,0.087,0.904,0.6,0.724,0.609,0.511,0.625,-0.243,0.901,0.691,0.84,0.539,0.806,0.287,0.871,0.907,0.739,0.65,0.624,0.878,0.867,0.848,0.225,0.91,0.648,0.879,0.531,0.723,0.231,0.453,0.738,0.809,0.537,0.841,0.537,0.728,0.842,0.903,0.899,0.845,0.891,0.485,0.845,0.477,0.685,-0.078,0.334,0.747,0.808,0.92,0.833,0.873,0.799,0.695,0.766,0.9,0.788,0.608,0.803,0.765,0.516,0.084,0.682,0.46,0.633,0.628,0.491,0.054,0.1,0.664,0.846,0.113,0.841,0.863,0.83,0.591,0.837,0.778,0.791,0.027,0.763,0.9,0.355,0.585,0.889,0.809,0.824,0.328,0.794,0.731,0.804,0.87,0.758,0.813,0.301,0.176,0.164,0.734,0.932,0.832,0.585,0.721,0.603,0.279,0.761,0.808,0.929,0.245,0.586,0.447,0.87,0.535,0.627,0.667,0.491,0.815,0.808,0.826,0.535,0.58,0.588,0.783,0.874,0.327,0.419,0.592,0.815,0.678,0.364,0.617,0.047,0.103,0.553,0.74,0.876,0.387,0.712,0.846
early_miss61,-0.225,-0.032,-0.141,-0.088,-0.061,-0.03,-0.114,-0.132,-0.24,-0.088,-0.199,-0.07,-0.269,-0.164,-0.387,-0.086,-0.04,0.048,-0.094,0.15,-0.276,-0.217,-0.082,-0.195,0.026,-0.223,-0.199,-0.161,0.207,-0.058,-0.025,0.033,-0.262,-0.31,-0.151,-0.054,-0.188,-0.154,-0.041,-0.255,-0.004,0.493,-0.288,-0.52,0.102,-0.012,-0.019,-0.229,0.021,-0.373,-0.078,0.399,-0.074,-0.156,-0.197,-0.179,-0.237,-0.298,0.108,-0.263,-0.145,0.072,0.001,0.468,0.22,-0.754,-0.104,-0.182,-0.145,-0.052,-0.216,-0.042,-0.35,-0.216,-0.072,-0.144,0.107,0.137,-0.127,-0.177,-0.12,0.036,-0.034,-0.15,0.124,-0.105,-0.198,0.036,-0.111,-0.264,-0.262,0.038,-0.27,0.12,0.349,-0.214,0.154,-0.056,0.156,-0.208,0.163,-0.059,-0.119,0.108,-0.071,-0.242,-0.161,-0.421,0.046,0.07,-0.068,-0.038,0.155,-0.026,0.193,-0.069,-0.179,-0.189,-0.257,-0.177,0.132,-0.004,-0.239,0.363,-0.129,-0.321,-0.056,-0.14,0.122,0.048,-0.073,0.074,-0.301,-0.196,0.043,-0.013,-0.111,-0.048,0.414,0.063,-0.266,0.128,0.11,0.289,0.154,-0.325,0.045,0.158,0.077,-0.238,-0.123,0.034,-0.038,-0.16,0.025,-0.352,-0.078,0.31,0.08,-0.63,0.525,0.282,-0.172,-0.114,-0.022,-0.278,-0.361,0.113,0.14,-0.014,0.098,0.589,-0.058,0.076,0.086,-0.58,0.236,0.215,-0.081,0.348,0.088,0.315,-0.025,0.116,-0.124,-0.232,-0.099,-0.161,0.016,0.137,0.041,-0.038,-0.105,-0.311,0.174,-0.031,0.192,0.15,-0.021,0.12,0.009,0.592,-0.338,0.232,-0.121,-0.099,-0.146,-0.106,0.06,0.033,0.131,0.291,-0.179,-0.238,0.108,-0.433,0.172,0.108,0.29,0.233,-0.137,-0.317,-0.227,0.15,0.136,0.119,-0.079,0.039,0.074,0.157,0.15,0.052,0.129,-0.172,0.127,0.004,0.071,0.299,0.297,0.306,-0.022,0.435,0.284,0.1,0.154,0.257,-0.136,0.331,-0.229,0.676,-0.101,0.001
evii_barboza ,0.812,0.782,0.799,0.783,0.856,0.791,0.775,0.824,0.824,0.14,0.738,0.804,0.819,0.84,0.322,0.857,0.525,0.675,0.841,0.297,0.685,0.793,0.784,0.649,0.553,0.842,0.826,0.729,-0.284,0.533,0.471,0.773,0.438,0.6,0.318,0.831,0.539,0.739,0.775,0.852,0.831,-0.017,0.798,0.47,0.13,0.725,0.892,0.774,0.554,0.666,0.838,0.685,0.825,0.773,0.677,0.782,0.712,0.597,0.497,0.685,0.568,0.038,0.057,0.384,0.569,0.044,0.733,0.614,0.758,0.786,0.725,0.792,0.68,0.756,0.828,0.839,0.807,0.894,0.869,-0.069,0.835,0.732,0.829,0.819,0.507,0.782,0.844,0.789,0.793,0.68,0.656,-0.65,0.782,0.409,0.314,0.839,0.738,0.83,0.581,0.675,0.709,0.815,0.722,0.614,0.806,0.797,0.864,0.667,0.779,0.084,0.62,0.802,0.336,0.778,0.221,0.805,0.652,0.739,0.723,0.591,0.516,-0.311,0.743,0.651,0.806,0.646,0.612,0.199,0.75,0.774,0.673,0.67,0.55,0.775,0.737,0.714,0.412,0.879,0.574,0.722,0.56,0.58,0.351,0.364,0.608,0.665,0.486,0.754,0.623,0.704,0.855,0.833,0.858,0.744,0.838,0.523,0.84,0.402,0.685,0.104,0.254,0.613,0.85,0.798,0.65,0.808,0.622,0.491,0.761,0.886,0.743,0.674,0.601,0.574,0.63,0.334,0.461,0.613,0.446,0.618,0.463,0.263,-0.059,0.447,0.724,-0.136,0.794,0.792,0.838,0.801,0.666,0.73,0.693,-0.006,0.623,0.844,0.672,0.41,0.856,0.707,0.672,0.075,0.642,0.608,0.704,0.778,0.641,0.84,0.247,-0.073,-0.131,0.599,0.735,0.681,0.516,0.683,0.805,0.638,0.857,0.69,0.843,-0.043,0.58,0.715,0.776,0.642,0.549,0.455,0.274,0.675,0.723,0.718,0.504,0.492,0.731,0.827,0.798,0.366,0.498,0.7,0.756,0.613,0.494,0.526,0.097,0.152,0.653,0.787,0.831,0.067,0.574,0.821
famous_may99,0.638,0.65,0.504,0.341,0.255,0.314,0.639,0.421,0.465,-0.08,0.446,0.353,0.54,0.315,0.236,0.389,0.265,-0.036,0.422,0.49,0.55,0.407,0.576,0.334,0.365,0.235,0.474,0.588,0.264,0.313,0.278,0.41,0.204,0.391,-0.082,0.393,0.06,0.171,0.652,0.561,0.336,0.21,0.624,0.225,0.349,0.064,0.441,0.548,0.239,0.247,0.59,0.052,0.674,0.277,0.448,0.478,0.508,0.187,-0.159,0.543,-0.108,0.444,0.267,-0.211,-0.012,-0.184,0.154,0.268,0.619,0.347,0.49,0.656,0.02,0.527,0.578,0.301,0.723,0.474,0.427,0.547,0.585,0.098,0.595,0.443,0.047,0.431,0.561,0.399,0.6,0.463,0.516,-0.107,0.458,0.401,0.053,0.583,0.428,0.401,0.412,0.456,0.065,0.561,0.091,-0.044,0.274,0.315,0.457,0.409,0.077,0.748,0.205,-0.09,0.442,0.175,0.451,0.507,0.274,0.675,-0.081,-0.349,0.118,0.731,0.401,0.016,0.582,0.137,0.199,0.558,0.097,0.061,0.589,0.452,0.32,0.539,0.088,0.273,0.179,0.376,-0.095,0.054,0.255,-0.264,0.591,0.676,0.049,0.626,0.279,0.113,0.645,0.14,0.561,0.405,0.356,-0.099,0.371,0.003,0.339,-0.249,-0.073,-0.104,0.25,-0.042,0.541,0.248,0.372,0.327,0.523,-0.148,0.489,0.318,-0.12,0.111,0.202,0.217,0.354,-0.048,-0.079,0.638,0.247,-0.058,0.458,0.245,0.509,-0.153,0.251,0.356,0.626,0.485,0.221,0.64,0.375,0.061,0.655,0.304,-0.018,0.38,0.177,-0.193,0.608,0.684,-0.019,0.397,0.567,0.42,-0.032,0.602,-0.006,0.615,0.372,0.663,-0.356,-0.065,0.217,0.547,0.647,0.338,0.633,0.265,0.239,0.018,0.286,0.152,0.355,0.644,0.106,0.395,-0.021,-0.169,-0.092,0.016,0.113,0.584,-0.114,0.581,0.692,0.654,0.07,0.323,-0.207,0.25,0.046,0.365,0.476,-0.022,0.783,0.486,0.343,0.294,0.488,-0.071,0.352,0.542
famous_pott5,0.887,0.81,0.902,0.889,0.863,0.862,0.878,0.95,0.916,0.118,0.877,0.871,0.878,0.9,0.347,0.893,0.672,0.721,0.917,0.332,0.889,0.927,0.833,0.687,0.44,0.945,0.902,0.914,-0.432,0.635,0.598,0.732,0.586,0.819,0.33,0.879,0.607,0.864,0.808,0.963,0.874,-0.089,0.909,0.602,0.306,0.798,0.783,0.902,0.659,0.851,0.891,0.638,0.862,0.895,0.697,0.924,0.878,0.716,0.533,0.88,0.671,-0.089,0.296,0.024,0.536,0.471,0.838,0.752,0.847,0.867,0.86,0.858,0.834,0.93,0.918,0.897,0.673,0.797,0.943,-0.055,0.869,0.752,0.854,0.956,0.358,0.775,0.889,0.814,0.845,0.834,0.856,-0.823,0.971,0.495,0.167,0.88,0.765,0.892,0.362,0.784,0.713,0.862,0.85,0.629,0.832,0.843,0.921,0.917,0.791,0.124,0.735,0.829,0.224,0.842,0.129,0.897,0.721,0.873,0.768,0.55,0.485,-0.257,0.98,0.48,0.867,0.667,0.722,0.372,0.755,0.81,0.761,0.645,0.687,0.917,0.781,0.785,0.36,0.9,0.375,0.769,0.674,0.613,0.307,0.508,0.641,0.896,0.391,0.733,0.614,0.815,0.89,0.869,0.885,0.859,0.86,0.676,0.837,0.207,0.647,0.174,0.141,0.542,0.893,0.897,0.775,0.978,0.87,0.523,0.768,0.875,0.69,0.386,0.717,0.628,0.485,0.387,0.467,0.389,0.626,0.41,0.453,-0.028,0.04,0.487,0.829,0.117,0.857,0.86,0.832,0.605,0.736,0.768,0.809,0.229,0.6,0.881,0.387,0.383,0.914,0.768,0.726,0.049,0.866,0.573,0.778,0.882,0.749,0.853,0.346,0.072,-0.083,0.524,0.923,0.862,0.589,0.878,0.61,0.405,0.626,0.639,0.966,0.248,0.771,0.503,0.768,0.462,0.631,0.522,0.501,0.689,0.665,0.766,0.37,0.644,0.578,0.811,0.79,0.201,0.202,0.486,0.73,0.563,0.297,0.454,0.081,0.235,0.608,0.58,0.94,0.165,0.668,0.832
free_ann4,-0.263,-0.102,-0.412,-0.011,-0.216,-0.08,-0.123,-0.13,-0.41,0.186,-0.11,-0.069,-0.405,-0.241,-0.748,-0.126,0.114,0.154,-0.101,0.442,-0.127,-0.156,-0.03,-0.625,-0.589,-0.275,-0.425,-0.068,0.19,0.122,0.214,-0.258,-0.273,-0.133,-0.363,-0.083,-0.402,-0.092,-0.116,-0.439,-0.175,0.251,-0.318,-0.74,0.35,0.054,-0.195,-0.255,0.274,-0.372,-0.193,0.039,-0.2,-0.077,-0.477,-0.111,-0.211,-0.472,0.283,-0.127,0.005,-0.118,0.384,-0.194,0.377,-0.306,-0.054,-0.149,-0.106,-0.011,-0.034,-0.038,-0.053,-0.161,-0.277,-0.165,-0.372,-0.189,-0.169,-0.041,-0.264,0.128,-0.148,-0.159,-0.043,-0.459,-0.351,0.016,-0.215,-0.072,-0.062,-0.206,-0.268,0.259,0.446,-0.352,-0.22,-0.127,-0.526,-0.423,0.187,-0.086,-0.025,0.223,-0.145,-0.133,-0.23,-0.311,0.046,0.336,0.136,-0.057,-0.259,0.031,-0.039,-0.103,-0.218,-0.361,-0.535,-0.201,0.327,0.369,-0.324,0.327,-0.148,-0.327,0.148,0.106,0.111,0.056,0.062,0.172,-0.067,-0.107,0.105,0.133,-0.696,-0.128,0.42,0.097,-0.478,0.001,-0.309,0.248,-0.257,-0.137,0.216,0.139,-0.244,-0.358,-0.26,-0.053,-0.175,-0.208,-0.044,-0.619,-0.118,0.458,-0.206,-0.885,0.558,0.344,-0.323,-0.145,0.051,-0.284,-0.099,0.294,-0.275,-0.132,0.072,0.078,0.164,0.232,-0.016,-0.938,0.452,-0.22,0.021,0.246,0.333,-0.094,0.218,0.35,0.053,0.092,-0.109,-0.208,-0.041,-0.356,0.075,-0.167,-0.062,-0.446,0.319,-0.092,-0.552,0.378,-0.103,0.012,0.124,0.577,-0.102,0.268,0.053,-0.091,-0.103,-0.212,0.185,0.311,0.563,0.354,-0.111,-0.071,0.133,-0.312,-0.264,-0.725,-0.004,0.219,-0.224,-0.016,-0.421,-0.288,0.065,-0.072,-0.333,0.326,0.19,0.161,0.172,0.096,0.207,0.149,-0.164,-0.159,-0.018,-0.221,0.18,0.068,0.038,0.28,0.014,0.226,0.155,-0.287,-0.38,0.128,-0.258,0.568,0.007,-0.062
fresh_bart35,0.77,0.667,0.62,0.911,0.804,0.852,0.763,0.867,0.708,0.244,0.784,0.898,0.654,0.827,-0.072,0.895,0.655,0.929,0.894,0.555,0.745,0.835,0.798,0.31,0.188,0.733,0.663,0.801,-0.553,0.689,0.665,0.616,0.337,0.645,0.43,0.859,0.519,0.876,0.656,0.62,0.807,0.051,0.665,0.313,0.365,0.924,0.679,0.654,0.789,0.612,0.745,0.788,0.662,0.924,0.344,0.84,0.795,0.577,0.826,0.741,0.823,-0.354,0.444,0.159,0.823,0.19,0.904,0.695,0.715,0.87,0.823,0.758,0.92,0.773,0.74,0.86,0.438,0.72,0.881,-0.224,0.687,0.924,0.758,0.828,0.549,0.533,0.662,0.869,0.685,0.805,0.747,-0.953,0.806,0.592,0.564,0.705,0.625,0.847,0.137,0.614,0.914,0.778,0.926,0.851,0.838,0.816,0.788,0.683,0.922,0.098,0.834,0.855,0.038,0.948,-0.004,0.826,0.548,0.537,0.525,0.597,0.702,-0.187,0.807,0.768,0.732,0.521,0.832,0.199,0.9,0.945,0.703,0.703,0.667,0.782,0.918,0.86,0.104,0.864,0.72,0.924,0.441,0.69,0.022,0.36,0.593,0.737,0.648,0.897,0.355,0.713,0.718,0.845,0.86,0.86,0.844,0.368,0.81,0.593,0.716,-0.211,0.277,0.834,0.692,0.884,0.852,0.836,0.72,0.818,0.586,0.868,0.895,0.506,0.83,0.88,0.524,0.014,0.789,0.263,0.671,0.664,0.544,-0.089,-0.019,0.796,0.872,0.02,0.748,0.76,0.817,0.398,0.851,0.78,0.648,-0.217,0.861,0.868,0.232,0.686,0.793,0.699,0.905,0.356,0.704,0.743,0.891,0.799,0.796,0.708,0.337,0.057,0.303,0.828,0.886,0.743,0.486,0.678,0.42,0.106,0.71,0.868,0.813,0.175,0.386,0.251,0.909,0.448,0.593,0.813,0.373,0.909,0.858,0.777,0.572,0.56,0.42,0.695,0.924,0.184,0.48,0.588,0.858,0.641,0.172,0.64,-0.086,-0.142,0.397,0.708,0.778,0.29,0.728,0.787
funny_gills6,0.192,-0.008,0.175,0.175,0.052,0.154,0.253,0.213,0.19,-0.186,0.232,0.147,0.119,0.171,0.163,0.099,0.38,0.11,0.126,0.078,0.331,0.224,0.109,0.083,-0.02,0.061,0.116,0.413,-0.571,0.362,0.379,-0.06,0.182,0.421,0.325,0.124,0.211,0.245,0.007,0.146,0.082,-0.237,0.211,0.453,0.241,0.193,-0.332,0.067,0.112,0.308,0.098,-0.102,0.036,0.286,0.05,0.248,0.441,0.373,0.11,0.317,0.238,-0.486,0.375,-0.427,-0.089,0.635,0.269,0.231,0.12,0.159,0.299,0.045,0.328,0.27,0.136,0.118,-0.158,-0.289,0.166,0.058,0.077,0.062,0.05,0.221,-0.066,-0.058,0.086,0.085,0.098,0.327,0.303,-0.459,0.327,0.121,-0.296,0.133,-0.026,0.131,-0.234,0.259,0.022,0.045,0.356,0.045,0.124,0.03,0.047,0.45,0.043,-0.24,0.191,-0.031,-0.208,0.123,-0.056,0.083,0.008,0.206,0.124,0.044,-0.143,0.153,0.499,-0.423,0.084,0.184,0.185,-0.017,-0.02,0.077,0.149,0.085,0.258,0.203,0.085,0.082,0.089,0.033,-0.5,0.097,0.34,-0.092,-0.155,0.073,0.135,0.39,-0.183,0.005,-0.049,0.285,0.076,0.074,0.135,0.261,0.047,0.304,0.027,-0.543,0.09,0.206,-0.446,-0.129,0.091,0.182,0.272,0.395,0.363,0.102,0.05,-0.0,-0.019,-0.587,0.188,0.185,-0.222,0.31,-0.03,-0.597,0.421,-0.47,0.025,-0.57,0.015,0.083,0.175,0.353,0.105,0.098,0.053,-0.295,0.192,-0.011,0.126,0.501,-0.075,0.069,-0.369,-0.139,0.057,0.08,0.128,-0.061,0.317,-0.115,0.125,0.203,0.259,0.032,0.028,0.121,-0.027,-0.136,0.266,0.269,0.281,0.279,-0.357,-0.245,-0.541,-0.072,0.107,0.464,0.209,-0.455,0.052,-0.387,0.313,0.111,0.026,0.139,-0.156,0.048,-0.352,0.222,-0.303,-0.014,0.071,-0.332,-0.704,-0.423,-0.124,-0.202,-0.656,-0.212,-0.168,0.021,-0.163,-0.52,0.155,-0.079,0.268,0.005
gg,0.769,0.724,0.673,0.692,0.622,0.641,0.807,0.744,0.702,0.144,0.74,0.67,0.721,0.666,0.325,0.732,0.591,0.459,0.717,0.46,0.794,0.737,0.764,0.454,0.337,0.589,0.697,0.846,-0.218,0.6,0.585,0.549,0.435,0.715,0.231,0.695,0.328,0.609,0.723,0.776,0.614,-0.249,0.862,0.531,0.382,0.535,0.544,0.67,0.518,0.597,0.759,0.218,0.755,0.687,0.61,0.765,0.821,0.538,0.306,0.783,0.442,0.031,0.296,-0.166,0.336,0.382,0.595,0.568,0.771,0.674,0.8,0.763,0.608,0.778,0.712,0.655,0.596,0.522,0.748,0.169,0.748,0.534,0.741,0.737,0.304,0.564,0.76,0.644,0.742,0.778,0.768,-0.64,0.762,0.448,0.182,0.738,0.494,0.698,0.285,0.599,0.447,0.728,0.624,0.391,0.64,0.655,0.718,0.781,0.511,0.334,0.571,0.389,0.193,0.588,0.202,0.661,0.546,0.73,0.458,0.291,0.348,0.2,0.754,0.215,0.761,0.546,0.561,0.41,0.477,0.503,0.734,0.647,0.61,0.787,0.526,0.619,0.219,0.663,0.115,0.477,0.502,0.087,0.271,0.601,0.309,0.813,0.395,0.477,0.544,0.546,0.753,0.657,0.664,0.49,0.655,0.349,0.647,0.031,0.328,0.03,0.042,0.31,0.753,0.634,0.682,0.768,0.796,0.304,0.574,0.648,0.398,0.123,0.562,0.548,0.496,0.241,0.265,0.271,0.483,0.188,0.595,0.014,0.195,0.283,0.658,0.224,0.772,0.692,0.665,0.541,0.64,0.419,0.742,0.206,0.379,0.669,0.199,0.209,0.73,0.669,0.47,0.123,0.804,0.503,0.561,0.788,0.565,0.772,0.378,0.291,-0.109,0.291,0.632,0.776,0.578,0.681,0.53,0.2,0.35,0.374,0.599,0.235,0.479,0.454,0.5,0.423,0.349,0.316,0.168,0.419,0.404,0.68,0.234,0.721,0.562,0.718,0.488,0.059,0.036,0.317,0.45,0.468,0.195,0.319,0.271,0.211,0.446,0.363,0.752,0.001,0.641,0.671
glad_judge57,0.638,0.582,0.497,0.643,0.604,0.621,0.598,0.637,0.588,0.207,0.576,0.658,0.58,0.613,0.023,0.694,0.317,0.578,0.675,0.441,0.554,0.614,0.6,0.271,0.339,0.423,0.582,0.552,-0.253,0.404,0.338,0.531,0.291,0.341,0.419,0.633,0.401,0.561,0.574,0.479,0.612,0.18,0.545,0.304,0.184,0.581,0.576,0.442,0.51,0.355,0.614,0.622,0.563,0.618,0.334,0.597,0.628,0.432,0.491,0.556,0.531,-0.13,0.232,0.25,0.524,-0.193,0.59,0.501,0.583,0.61,0.553,0.595,0.538,0.564,0.623,0.63,0.517,0.661,0.662,-0.047,0.592,0.619,0.656,0.557,0.497,0.496,0.566,0.652,0.594,0.577,0.537,-0.55,0.601,0.437,0.534,0.61,0.571,0.624,0.34,0.523,0.614,0.619,0.559,0.531,0.644,0.611,0.611,0.426,0.632,0.205,0.547,0.452,0.154,0.651,0.041,0.631,0.385,0.416,0.359,0.36,0.473,-0.077,0.577,0.567,0.597,0.309,0.549,0.131,0.622,0.631,0.499,0.452,0.427,0.58,0.599,0.59,0.209,0.649,0.532,0.612,0.293,0.367,0.171,0.228,0.511,0.52,0.573,0.599,0.357,0.463,0.606,0.631,0.662,0.52,0.626,0.193,0.616,0.432,0.496,-0.079,0.159,0.547,0.581,0.647,0.643,0.544,0.503,0.488,0.539,0.67,0.577,0.537,0.543,0.65,0.493,0.045,0.467,0.493,0.402,0.54,0.358,0.156,0.031,0.459,0.573,-0.018,0.612,0.646,0.553,0.518,0.677,0.542,0.518,-0.133,0.547,0.656,0.377,0.426,0.576,0.578,0.571,0.348,0.509,0.624,0.539,0.625,0.537,0.619,0.159,0.126,0.118,0.54,0.602,0.55,0.307,0.427,0.505,0.269,0.653,0.591,0.54,0.055,0.226,0.378,0.629,0.506,0.426,0.451,0.037,0.571,0.621,0.61,0.438,0.342,0.496,0.586,0.639,0.376,0.45,0.507,0.603,0.465,0.258,0.471,0.008,-0.051,0.425,0.633,0.6,0.085,0.563,0.618
good_emily98,0.262,0.107,0.268,0.049,-0.041,0.008,0.153,0.093,0.223,-0.303,0.073,0.071,0.2,0.051,0.152,0.018,-0.156,-0.191,0.119,-0.06,0.166,0.112,0.068,0.285,0.01,0.243,0.203,0.099,-0.037,-0.168,-0.214,0.1,0.066,0.067,-0.115,0.006,0.142,0.057,0.111,0.247,0.077,0.247,0.123,0.119,0.011,-0.123,0.197,0.435,-0.062,0.24,0.12,0.036,0.166,0.04,0.085,0.138,0.044,0.093,-0.283,0.153,-0.185,0.231,0.141,-0.392,-0.267,0.229,-0.023,0.125,0.111,0.001,0.03,0.175,-0.05,0.197,0.286,0.058,0.121,0.214,0.084,0.129,0.088,-0.165,0.106,0.192,-0.363,0.259,0.127,0.001,0.104,0.06,0.143,0.131,0.218,0.041,-0.347,0.215,0.228,0.071,-0.039,0.32,-0.155,0.107,-0.148,-0.239,-0.102,0.073,0.145,0.216,-0.129,0.354,-0.069,0.035,0.168,-0.039,-0.072,0.402,0.152,0.358,-0.105,-0.419,-0.136,0.221,0.219,-0.153,0.088,-0.209,-0.082,0.479,-0.117,-0.091,0.047,-0.227,0.122,0.122,-0.129,-0.073,0.124,0.076,-0.278,-0.085,0.146,0.077,0.346,0.137,-0.037,0.31,-0.102,-0.161,0.195,0.097,0.081,0.027,0.01,-0.098,-0.022,0.215,-0.047,-0.361,-0.141,0.267,-0.071,-0.3,0.112,0.059,-0.001,0.063,0.201,-0.284,0.09,-0.029,-0.291,-0.244,-0.079,-0.128,-0.209,0.096,-0.261,0.412,0.135,-0.322,-0.34,-0.218,0.18,-0.275,-0.059,0.223,0.112,0.148,-0.43,0.004,-0.071,0.16,0.153,0.222,-0.243,0.052,-0.101,-0.341,0.244,0.234,-0.183,0.02,0.201,-0.023,-0.264,0.134,-0.281,0.069,0.209,0.274,-0.333,-0.311,0.151,0.14,0.03,0.304,0.019,0.06,-0.041,-0.22,0.268,0.204,0.42,0.085,-0.157,-0.119,-0.032,-0.248,0.137,-0.18,-0.083,0.125,-0.384,-0.015,0.039,0.155,-0.109,0.261,-0.36,-0.112,-0.096,-0.14,0.169,-0.341,0.299,0.328,0.125,-0.041,0.186,-0.264,-0.114,0.165
green_phib5,0.251,0.208,0.494,0.205,0.248,0.193,0.189,0.26,0.337,-0.307,0.191,0.203,0.289,0.256,0.293,0.152,0.171,0.081,0.247,-0.304,0.193,0.246,0.196,0.595,0.042,0.77,0.333,0.194,-0.138,-0.016,0.007,0.301,0.155,0.358,-0.375,0.21,0.205,0.294,0.209,0.558,0.306,-0.073,0.251,0.075,-0.025,0.155,0.498,0.736,0.063,0.56,0.259,0.179,0.332,0.209,0.344,0.285,-0.02,0.173,-0.087,0.18,-0.053,0.296,-0.083,-0.182,-0.031,0.626,0.175,0.206,0.183,0.208,0.17,0.306,0.183,0.32,0.363,0.267,0.231,0.398,0.256,-0.144,0.229,0.07,0.168,0.452,-0.351,0.454,0.302,0.132,0.182,0.082,0.184,-0.116,0.314,-0.036,-0.552,0.278,0.325,0.274,0.033,0.291,0.081,0.246,0.131,0.025,0.067,0.241,0.366,0.411,0.139,0.015,0.065,0.639,0.242,0.164,0.068,0.445,0.441,0.553,0.354,0.016,0.028,-0.349,0.297,0.111,0.217,0.198,0.042,0.448,0.153,0.179,0.187,0.059,0.201,0.265,0.149,0.125,0.181,0.309,-0.012,0.145,0.348,0.558,0.345,0.317,0.042,0.317,-0.247,0.141,0.361,0.364,0.242,0.242,0.184,0.293,0.224,0.58,0.184,-0.159,0.156,0.234,0.209,-0.032,0.292,0.218,-0.046,0.333,0.227,-0.096,0.229,0.208,0.081,0.005,0.043,-0.215,-0.093,0.262,-0.057,0.268,0.155,-0.067,-0.152,-0.165,-0.058,-0.091,0.166,-0.035,0.193,0.178,0.094,0.131,-0.131,0.428,0.237,0.148,0.028,0.239,0.134,-0.143,0.489,0.243,0.074,-0.349,0.231,-0.075,0.114,0.184,-0.049,0.182,0.334,-0.191,-0.413,-0.043,0.312,0.186,0.165,0.525,0.212,0.326,0.228,0.043,0.621,-0.006,0.768,0.322,0.11,-0.045,0.097,-0.038,0.698,0.077,0.13,0.157,-0.151,0.146,0.136,0.295,0.153,0.045,-0.14,0.159,0.197,0.16,0.411,-0.146,0.221,0.472,0.255,0.182,0.353,0.065,-0.169,0.305
guilled,0.589,0.409,0.333,0.725,0.517,0.634,0.577,0.602,0.374,0.018,0.532,0.734,0.305,0.545,-0.358,0.687,0.636,0.812,0.672,0.701,0.5,0.543,0.68,0.001,-0.078,0.398,0.282,0.644,-0.638,0.666,0.698,0.407,-0.122,0.48,0.322,0.665,0.248,0.687,0.4,0.257,0.563,0.193,0.352,0.003,0.494,0.792,0.397,0.454,0.691,0.323,0.502,0.657,0.43,0.765,-0.047,0.647,0.595,0.37,0.771,0.492,0.585,-0.44,0.593,0.074,0.761,0.072,0.745,0.482,0.461,0.686,0.708,0.608,0.725,0.527,0.479,0.583,0.217,0.471,0.637,-0.176,0.393,0.78,0.527,0.61,0.46,0.227,0.336,0.744,0.406,0.649,0.523,-0.862,0.518,0.569,0.559,0.435,0.357,0.657,-0.115,0.411,0.801,0.567,0.783,0.739,0.582,0.529,0.491,0.436,0.723,0.164,0.686,0.626,0.021,0.774,0.114,0.614,0.249,0.289,-0.014,0.205,0.66,0.245,0.544,0.713,0.465,0.23,0.688,0.17,0.745,0.756,0.618,0.734,0.561,0.525,0.768,0.686,-0.072,0.621,0.634,0.765,0.225,0.503,-0.065,0.476,0.23,0.579,0.663,0.8,0.2,0.513,0.417,0.644,0.638,0.582,0.623,0.059,0.539,0.462,0.559,-0.652,0.391,0.763,0.384,0.618,0.744,0.585,0.478,0.767,0.304,0.605,0.736,0.29,0.692,0.867,0.359,-0.319,0.784,0.029,0.705,0.476,0.606,-0.275,0.054,0.766,0.692,0.087,0.534,0.449,0.591,0.104,0.749,0.577,0.426,-0.488,0.764,0.657,-0.052,0.557,0.645,0.623,0.761,0.669,0.456,0.703,0.689,0.623,0.548,0.438,0.495,0.146,0.353,0.761,0.612,0.509,0.483,0.422,0.148,-0.137,0.463,0.76,0.496,0.105,0.109,-0.003,0.759,0.177,0.395,0.762,0.207,0.884,0.732,0.673,0.286,0.548,0.18,0.543,0.766,0.081,0.244,0.489,0.642,0.65,-0.002,0.385,0.087,-0.127,0.007,0.547,0.491,0.378,0.603,0.625
huge_single2,0.891,0.884,0.854,0.875,0.848,0.874,0.903,0.954,0.91,0.246,0.895,0.85,0.898,0.894,0.243,0.867,0.625,0.7,0.909,0.443,0.913,0.938,0.818,0.579,0.514,0.833,0.906,0.903,-0.244,0.656,0.583,0.71,0.679,0.739,0.364,0.877,0.617,0.797,0.882,0.895,0.867,0.136,0.887,0.539,0.3,0.765,0.777,0.79,0.708,0.743,0.908,0.727,0.875,0.847,0.67,0.896,0.889,0.638,0.559,0.912,0.685,-0.086,0.352,0.117,0.591,0.116,0.801,0.733,0.902,0.868,0.817,0.852,0.754,0.916,0.926,0.894,0.747,0.832,0.928,0.082,0.908,0.75,0.9,0.894,0.428,0.71,0.887,0.836,0.902,0.816,0.875,-0.78,0.958,0.593,0.341,0.89,0.817,0.855,0.463,0.757,0.738,0.886,0.793,0.65,0.858,0.838,0.899,0.797,0.799,0.216,0.761,0.715,0.22,0.832,0.171,0.894,0.633,0.827,0.717,0.545,0.523,-0.193,0.936,0.527,0.908,0.628,0.755,0.288,0.761,0.809,0.762,0.64,0.616,0.931,0.766,0.802,0.308,0.895,0.484,0.775,0.592,0.564,0.318,0.395,0.768,0.863,0.451,0.733,0.616,0.704,0.922,0.889,0.897,0.787,0.879,0.53,0.868,0.309,0.608,0.154,0.248,0.603,0.89,0.895,0.785,0.901,0.863,0.554,0.828,0.882,0.668,0.553,0.75,0.667,0.537,0.264,0.52,0.529,0.571,0.519,0.481,0.142,0.161,0.514,0.81,0.172,0.895,0.919,0.815,0.719,0.792,0.675,0.861,0.338,0.627,0.875,0.421,0.453,0.873,0.806,0.718,0.194,0.869,0.665,0.71,0.897,0.717,0.888,0.183,0.246,0.024,0.585,0.896,0.891,0.705,0.748,0.705,0.384,0.701,0.685,0.914,0.297,0.661,0.56,0.78,0.583,0.62,0.518,0.391,0.681,0.699,0.811,0.479,0.612,0.694,0.803,0.781,0.308,0.29,0.519,0.721,0.546,0.365,0.575,0.114,0.119,0.656,0.649,0.916,0.197,0.717,0.841
human_phib76,0.899,0.706,0.742,0.707,0.673,0.68,0.827,0.736,0.778,-0.09,0.673,0.758,0.775,0.741,0.333,0.785,0.492,0.496,0.784,0.447,0.688,0.716,0.794,0.578,0.478,0.632,0.73,0.787,-0.386,0.551,0.482,0.684,0.274,0.589,0.395,0.743,0.482,0.654,0.705,0.753,0.706,0.067,0.769,0.527,0.233,0.585,0.711,0.741,0.46,0.593,0.784,0.497,0.781,0.742,0.558,0.759,0.788,0.604,0.326,0.679,0.407,0.031,0.251,0.134,0.368,0.07,0.66,0.58,0.715,0.69,0.749,0.781,0.6,0.736,0.81,0.723,0.768,0.741,0.805,0.154,0.752,0.575,0.784,0.764,0.408,0.702,0.759,0.733,0.735,0.727,0.653,-0.563,0.753,0.452,0.2,0.855,0.626,0.762,0.469,0.755,0.537,0.751,0.619,0.416,0.676,0.682,0.754,0.689,0.583,0.292,0.523,0.523,0.363,0.651,0.26,0.805,0.532,0.759,0.394,0.234,0.383,0.235,0.77,0.411,0.733,0.466,0.514,0.35,0.548,0.592,0.68,0.627,0.609,0.713,0.563,0.58,0.417,0.763,0.253,0.562,0.566,0.281,0.425,0.426,0.422,0.785,0.505,0.586,0.607,0.637,0.759,0.721,0.766,0.515,0.698,0.412,0.691,0.056,0.52,0.102,0.085,0.38,0.766,0.683,0.673,0.742,0.643,0.323,0.667,0.727,0.488,0.311,0.507,0.599,0.507,0.304,0.283,0.587,0.58,0.273,0.416,0.051,0.092,0.288,0.609,0.064,0.772,0.731,0.57,0.667,0.667,0.589,0.663,0.081,0.412,0.749,0.458,0.143,0.834,0.768,0.494,0.269,0.658,0.581,0.467,0.796,0.439,0.777,0.378,0.195,-0.251,0.363,0.635,0.669,0.609,0.674,0.649,0.506,0.566,0.479,0.682,0.091,0.504,0.567,0.601,0.453,0.453,0.297,-0.029,0.557,0.545,0.731,0.146,0.516,0.633,0.829,0.642,0.401,0.098,0.513,0.521,0.442,0.299,0.219,0.319,0.203,0.482,0.55,0.758,-0.22,0.585,0.804
josÃ© marÃ­a onega,0.929,0.871,0.879,0.886,0.878,0.884,0.889,0.938,0.911,0.134,0.854,0.894,0.887,0.903,0.238,0.912,0.603,0.733,0.933,0.444,0.844,0.901,0.858,0.628,0.562,0.855,0.897,0.863,-0.334,0.627,0.556,0.787,0.51,0.691,0.387,0.906,0.619,0.816,0.867,0.893,0.903,0.188,0.855,0.509,0.268,0.796,0.871,0.85,0.677,0.726,0.923,0.815,0.896,0.868,0.636,0.897,0.851,0.665,0.567,0.844,0.636,-0.06,0.295,0.263,0.614,0.038,0.82,0.718,0.868,0.876,0.819,0.887,0.739,0.884,0.949,0.904,0.829,0.939,0.948,0.018,0.907,0.78,0.918,0.911,0.489,0.78,0.888,0.883,0.888,0.792,0.808,-0.748,0.927,0.565,0.356,0.913,0.848,0.9,0.542,0.798,0.779,0.905,0.799,0.665,0.865,0.839,0.92,0.755,0.829,0.196,0.732,0.786,0.332,0.861,0.243,0.925,0.625,0.831,0.652,0.49,0.554,-0.185,0.902,0.642,0.893,0.6,0.725,0.268,0.809,0.84,0.767,0.696,0.616,0.892,0.796,0.792,0.404,0.935,0.563,0.801,0.605,0.629,0.389,0.444,0.715,0.83,0.526,0.798,0.668,0.755,0.922,0.919,0.936,0.793,0.901,0.542,0.876,0.338,0.694,0.064,0.305,0.645,0.898,0.897,0.782,0.894,0.776,0.561,0.837,0.922,0.728,0.646,0.717,0.689,0.58,0.264,0.534,0.629,0.594,0.574,0.486,0.171,0.097,0.517,0.798,0.072,0.894,0.898,0.831,0.781,0.799,0.759,0.821,0.135,0.653,0.915,0.553,0.426,0.941,0.85,0.732,0.261,0.787,0.706,0.713,0.901,0.686,0.896,0.272,0.148,-0.059,0.628,0.867,0.827,0.66,0.742,0.774,0.536,0.817,0.735,0.929,0.161,0.657,0.641,0.829,0.605,0.637,0.513,0.336,0.752,0.765,0.834,0.44,0.586,0.734,0.876,0.848,0.418,0.359,0.646,0.77,0.642,0.449,0.523,0.162,0.197,0.645,0.768,0.921,0.184,0.686,0.894
juu,0.647,0.562,0.582,0.764,0.657,0.728,0.629,0.789,0.684,0.288,0.744,0.714,0.623,0.72,0.008,0.688,0.52,0.727,0.732,0.338,0.769,0.787,0.573,0.29,0.202,0.651,0.652,0.696,-0.487,0.546,0.499,0.425,0.542,0.621,0.439,0.686,0.574,0.748,0.561,0.583,0.67,0.056,0.603,0.463,0.268,0.745,0.45,0.556,0.667,0.641,0.62,0.639,0.527,0.768,0.311,0.736,0.742,0.586,0.656,0.767,0.774,-0.449,0.452,-0.075,0.57,0.361,0.76,0.662,0.646,0.718,0.667,0.57,0.815,0.733,0.66,0.736,0.264,0.513,0.728,-0.136,0.605,0.696,0.612,0.705,0.328,0.408,0.583,0.66,0.617,0.703,0.749,-0.827,0.82,0.481,0.318,0.599,0.559,0.663,0.058,0.591,0.685,0.63,0.785,0.655,0.704,0.694,0.665,0.682,0.729,-0.032,0.732,0.655,-0.094,0.77,-0.123,0.68,0.424,0.5,0.575,0.541,0.459,-0.359,0.824,0.409,0.638,0.477,0.729,0.106,0.689,0.758,0.531,0.4,0.546,0.731,0.717,0.693,0.127,0.679,0.408,0.745,0.451,0.609,-0.046,0.119,0.647,0.706,0.364,0.63,0.232,0.645,0.627,0.676,0.706,0.814,0.663,0.484,0.651,0.315,0.543,0.121,0.046,0.561,0.597,0.798,0.701,0.781,0.76,0.647,0.495,0.673,0.637,0.256,0.728,0.648,0.26,0.2,0.568,0.081,0.561,0.391,0.28,-0.199,0.055,0.617,0.729,0.231,0.621,0.707,0.624,0.231,0.687,0.611,0.6,0.192,0.6,0.682,0.053,0.523,0.58,0.514,0.734,0.096,0.727,0.482,0.728,0.668,0.743,0.57,0.063,0.12,0.284,0.552,0.862,0.735,0.379,0.646,0.213,-0.016,0.405,0.617,0.757,0.433,0.469,0.035,0.68,0.262,0.623,0.637,0.428,0.663,0.601,0.571,0.409,0.447,0.231,0.454,0.701,0.057,0.193,0.23,0.662,0.314,-0.033,0.517,-0.255,-0.166,0.385,0.368,0.716,0.228,0.632,0.562
kz,0.724,0.651,0.569,0.875,0.648,0.781,0.78,0.852,0.631,0.24,0.82,0.811,0.584,0.725,-0.17,0.769,0.77,0.818,0.818,0.669,0.857,0.833,0.768,0.182,-0.041,0.673,0.564,0.882,-0.466,0.769,0.783,0.447,0.43,0.769,0.235,0.788,0.38,0.819,0.645,0.583,0.693,0.099,0.656,0.228,0.566,0.844,0.489,0.677,0.852,0.627,0.697,0.594,0.642,0.87,0.264,0.86,0.808,0.476,0.752,0.845,0.729,-0.368,0.706,-0.286,0.733,0.423,0.829,0.682,0.743,0.842,0.863,0.759,0.892,0.83,0.679,0.764,0.26,0.514,0.798,0.035,0.627,0.808,0.691,0.813,0.297,0.349,0.587,0.788,0.649,0.841,0.865,-0.987,0.834,0.673,0.408,0.621,0.514,0.76,-0.155,0.527,0.797,0.742,0.876,0.759,0.71,0.741,0.702,0.767,0.782,0.284,0.856,0.704,-0.076,0.856,0.049,0.787,0.482,0.572,0.328,0.393,0.659,0.097,0.821,0.56,0.717,0.435,0.852,0.39,0.777,0.815,0.779,0.709,0.702,0.838,0.821,0.844,-0.12,0.745,0.513,0.817,0.363,0.563,-0.025,0.505,0.413,0.878,0.54,0.766,0.31,0.606,0.649,0.77,0.737,0.748,0.755,0.282,0.7,0.369,0.472,-0.312,0.351,0.693,0.611,0.8,0.834,0.821,0.879,0.748,0.449,0.703,0.683,0.186,0.86,0.822,0.339,-0.129,0.75,0.035,0.735,0.403,0.627,-0.312,0.239,0.749,0.871,0.354,0.741,0.704,0.704,0.16,0.807,0.605,0.727,0.065,0.753,0.768,-0.192,0.593,0.751,0.705,0.815,0.415,0.852,0.686,0.801,0.802,0.711,0.632,0.393,0.344,0.371,0.682,0.88,0.848,0.656,0.707,0.205,-0.257,0.412,0.715,0.761,0.434,0.459,0.053,0.759,0.24,0.467,0.778,0.546,0.798,0.718,0.774,0.371,0.771,0.277,0.593,0.745,-0.08,0.098,0.336,0.71,0.543,0.03,0.519,0.09,-0.128,0.25,0.457,0.75,0.401,0.723,0.707
late_ann11,0.724,0.704,0.591,0.915,0.747,0.841,0.768,0.888,0.681,0.344,0.82,0.86,0.635,0.789,-0.175,0.833,0.663,0.899,0.88,0.606,0.816,0.866,0.77,0.229,0.057,0.729,0.649,0.833,-0.37,0.687,0.673,0.539,0.478,0.678,0.285,0.827,0.472,0.848,0.692,0.604,0.778,0.144,0.658,0.191,0.461,0.889,0.618,0.642,0.872,0.606,0.732,0.771,0.657,0.89,0.318,0.846,0.784,0.466,0.826,0.81,0.836,-0.302,0.573,-0.048,0.844,0.219,0.868,0.708,0.757,0.87,0.808,0.766,0.896,0.816,0.735,0.84,0.337,0.665,0.85,-0.161,0.671,0.897,0.741,0.824,0.416,0.457,0.634,0.836,0.69,0.808,0.824,-0.972,0.831,0.676,0.589,0.656,0.643,0.803,-0.011,0.55,0.898,0.783,0.883,0.851,0.801,0.808,0.769,0.698,0.896,0.263,0.878,0.809,-0.051,0.931,-0.073,0.84,0.571,0.544,0.49,0.542,0.73,-0.128,0.818,0.731,0.748,0.448,0.876,0.353,0.881,0.928,0.718,0.637,0.658,0.834,0.902,0.897,-0.091,0.834,0.72,0.917,0.363,0.704,-0.005,0.415,0.638,0.785,0.598,0.852,0.326,0.615,0.701,0.83,0.8,0.815,0.833,0.304,0.787,0.628,0.589,-0.254,0.375,0.831,0.659,0.879,0.861,0.792,0.816,0.821,0.589,0.82,0.816,0.461,0.88,0.861,0.451,-0.154,0.835,0.241,0.662,0.649,0.545,-0.116,0.122,0.815,0.889,0.165,0.756,0.779,0.775,0.307,0.851,0.723,0.718,-0.058,0.872,0.837,0.028,0.747,0.768,0.717,0.89,0.406,0.797,0.764,0.865,0.801,0.773,0.687,0.331,0.241,0.431,0.824,0.933,0.817,0.551,0.676,0.354,-0.117,0.647,0.847,0.835,0.317,0.431,0.192,0.862,0.427,0.516,0.836,0.568,0.843,0.837,0.803,0.619,0.609,0.39,0.638,0.849,0.119,0.435,0.501,0.829,0.626,0.197,0.701,-0.02,-0.15,0.398,0.663,0.767,0.452,0.732,0.767
lgimba,0.433,0.389,0.252,0.728,0.437,0.627,0.51,0.673,0.372,0.402,0.672,0.625,0.303,0.523,-0.48,0.544,0.656,0.809,0.606,0.632,0.717,0.673,0.495,-0.19,-0.312,0.413,0.294,0.655,-0.499,0.677,0.704,0.132,0.394,0.596,0.258,0.582,0.294,0.692,0.383,0.227,0.473,0.152,0.356,0.062,0.542,0.779,0.154,0.349,0.844,0.432,0.414,0.534,0.308,0.719,-0.081,0.659,0.634,0.32,0.851,0.71,0.794,-0.683,0.821,-0.416,0.751,0.415,0.727,0.57,0.525,0.683,0.663,0.466,0.86,0.624,0.39,0.581,-0.168,0.203,0.563,-0.06,0.349,0.734,0.424,0.562,0.223,-0.019,0.278,0.603,0.399,0.684,0.742,-0.988,0.658,0.622,0.494,0.307,0.278,0.521,-0.487,0.283,0.747,0.494,0.803,0.771,0.555,0.574,0.438,0.549,0.701,0.106,0.834,0.556,-0.392,0.757,-0.176,0.536,0.215,0.209,0.169,0.405,0.624,-0.044,0.635,0.476,0.475,0.268,0.838,0.149,0.698,0.74,0.557,0.488,0.551,0.646,0.748,0.746,-0.374,0.506,0.528,0.767,0.133,0.556,-0.379,0.196,0.36,0.669,0.46,0.652,-0.056,0.429,0.374,0.562,0.531,0.703,0.549,0.106,0.499,0.461,0.346,-0.393,0.293,0.695,0.31,0.671,0.723,0.627,0.759,0.846,0.156,0.483,0.624,0.038,0.851,0.792,0.111,-0.311,0.834,-0.327,0.641,0.368,0.488,-0.489,0.234,0.859,0.77,0.445,0.487,0.51,0.53,-0.232,0.709,0.436,0.511,0.031,0.743,0.551,-0.541,0.719,0.414,0.424,0.807,0.402,0.705,0.559,0.768,0.565,0.704,0.335,0.152,0.34,0.709,0.693,0.796,0.706,0.444,0.484,-0.196,-0.681,0.174,0.671,0.549,0.582,0.193,-0.398,0.652,0.018,0.424,0.881,0.558,0.749,0.629,0.552,0.401,0.611,-0.082,0.222,0.63,-0.305,0.075,0.077,0.63,0.328,-0.282,0.567,-0.227,-0.471,0.013,0.229,0.515,0.524,0.648,0.414
loving_ann76,0.605,0.543,0.668,0.491,0.55,0.505,0.423,0.607,0.757,0.209,0.554,0.481,0.742,0.588,0.406,0.507,-0.038,0.274,0.561,-0.144,0.598,0.628,0.355,0.593,0.564,0.608,0.812,0.384,-0.116,0.003,-0.125,0.479,0.602,0.344,0.373,0.454,0.65,0.455,0.547,0.707,0.569,0.054,0.605,0.666,-0.146,0.313,0.562,0.572,0.244,0.594,0.56,0.488,0.513,0.451,0.509,0.516,0.53,0.568,0.12,0.603,0.465,0.01,-0.046,0.054,0.082,0.157,0.418,0.528,0.554,0.418,0.334,0.441,0.406,0.589,0.697,0.581,0.491,0.642,0.564,-0.16,0.617,0.3,0.546,0.533,0.164,0.666,0.654,0.389,0.611,0.433,0.54,-0.253,0.724,0.155,0.038,0.634,0.67,0.478,0.475,0.691,0.264,0.522,0.332,0.195,0.538,0.572,0.652,0.544,0.404,0.021,0.339,0.391,0.162,0.445,-0.237,0.568,0.457,0.576,0.705,0.335,0.068,-0.627,0.701,0.097,0.565,0.37,0.33,0.152,0.36,0.415,0.223,-0.105,0.294,0.568,0.327,0.345,0.484,0.542,0.087,0.371,0.508,0.445,0.297,-0.122,0.719,0.501,0.116,0.22,0.365,0.533,0.626,0.467,0.529,0.556,0.457,0.665,0.496,0.072,0.363,0.698,-0.295,0.098,0.633,0.629,0.382,0.55,0.57,0.108,0.607,0.545,0.246,0.315,0.32,0.165,0.197,0.57,0.012,0.555,0.164,0.226,-0.203,0.158,-0.006,0.058,0.366,0.084,0.506,0.704,0.354,0.534,0.38,0.532,0.51,0.329,0.136,0.503,0.476,0.129,0.456,0.366,0.297,-0.329,0.566,0.185,0.344,0.487,0.476,0.567,-0.151,-0.0,-0.176,0.084,0.665,0.549,-0.054,0.585,0.472,0.477,0.451,0.215,0.703,0.279,0.598,0.396,0.32,0.424,0.513,0.08,0.23,0.141,0.283,0.338,0.294,0.056,0.421,0.426,0.375,0.451,0.265,0.164,0.433,0.055,0.299,0.296,-0.232,0.154,0.696,0.334,0.673,-0.154,0.347,0.433
low_sydney7,0.683,0.639,0.715,0.663,0.715,0.679,0.626,0.727,0.752,0.144,0.653,0.665,0.723,0.722,0.299,0.694,0.379,0.555,0.706,0.146,0.637,0.708,0.59,0.574,0.512,0.727,0.764,0.608,-0.299,0.385,0.315,0.613,0.479,0.521,0.355,0.673,0.573,0.641,0.638,0.747,0.71,0.009,0.677,0.525,0.076,0.598,0.677,0.65,0.453,0.629,0.693,0.621,0.653,0.656,0.558,0.667,0.639,0.586,0.406,0.639,0.551,-0.08,0.086,0.246,0.408,0.14,0.631,0.572,0.642,0.643,0.574,0.616,0.59,0.672,0.737,0.715,0.614,0.721,0.728,-0.134,0.704,0.577,0.678,0.699,0.368,0.662,0.713,0.627,0.68,0.575,0.6,-0.56,0.741,0.33,0.192,0.703,0.676,0.678,0.474,0.65,0.562,0.663,0.615,0.485,0.685,0.661,0.732,0.611,0.641,-0.02,0.53,0.652,0.219,0.652,0.056,0.682,0.523,0.64,0.698,0.504,0.34,-0.44,0.735,0.418,0.672,0.534,0.524,0.117,0.606,0.648,0.493,0.396,0.439,0.671,0.597,0.571,0.412,0.716,0.374,0.607,0.539,0.543,0.267,0.201,0.654,0.587,0.296,0.567,0.481,0.641,0.72,0.681,0.719,0.698,0.675,0.57,0.676,0.247,0.579,0.271,0.059,0.441,0.715,0.721,0.554,0.722,0.586,0.397,0.669,0.723,0.57,0.496,0.514,0.442,0.415,0.389,0.333,0.453,0.382,0.436,0.223,0.144,-0.049,0.351,0.589,-0.024,0.646,0.708,0.648,0.612,0.555,0.629,0.593,0.147,0.456,0.688,0.521,0.32,0.672,0.556,0.557,-0.034,0.589,0.427,0.581,0.647,0.595,0.679,0.095,-0.045,-0.091,0.429,0.707,0.613,0.347,0.612,0.586,0.502,0.621,0.527,0.767,0.125,0.562,0.481,0.619,0.472,0.566,0.359,0.293,0.521,0.54,0.55,0.388,0.331,0.528,0.621,0.648,0.326,0.335,0.442,0.604,0.407,0.317,0.424,-0.076,0.147,0.58,0.543,0.731,0.081,0.49,0.632
luciana_vietti,0.779,0.689,0.652,0.671,0.677,0.651,0.621,0.728,0.793,0.308,0.683,0.68,0.809,0.707,0.283,0.741,0.148,0.482,0.735,0.236,0.702,0.736,0.615,0.467,0.545,0.544,0.824,0.578,-0.186,0.259,0.142,0.595,0.482,0.42,0.497,0.649,0.581,0.579,0.687,0.696,0.67,0.028,0.734,0.626,0.031,0.502,0.667,0.571,0.436,0.526,0.71,0.538,0.653,0.64,0.504,0.667,0.735,0.601,0.334,0.706,0.595,-0.042,0.087,0.156,0.338,-0.047,0.585,0.596,0.707,0.601,0.58,0.637,0.573,0.682,0.76,0.71,0.622,0.734,0.733,-0.067,0.741,0.543,0.734,0.628,0.459,0.678,0.752,0.624,0.74,0.657,0.66,-0.459,0.774,0.346,0.394,0.763,0.664,0.651,0.503,0.716,0.481,0.695,0.522,0.402,0.721,0.723,0.76,0.586,0.587,0.199,0.522,0.409,0.186,0.637,-0.113,0.665,0.488,0.569,0.583,0.4,0.315,-0.294,0.733,0.346,0.717,0.456,0.519,0.172,0.547,0.578,0.463,0.254,0.47,0.693,0.524,0.555,0.404,0.697,0.318,0.539,0.469,0.334,0.255,0.042,0.636,0.621,0.493,0.454,0.419,0.569,0.752,0.633,0.699,0.585,0.634,0.442,0.674,0.298,0.462,0.361,-0.176,0.352,0.744,0.736,0.631,0.646,0.662,0.327,0.64,0.723,0.465,0.44,0.509,0.505,0.485,0.384,0.248,0.598,0.309,0.437,0.19,0.227,0.048,0.281,0.564,0.051,0.694,0.817,0.573,0.665,0.657,0.574,0.628,0.038,0.384,0.685,0.508,0.322,0.602,0.547,0.491,-0.017,0.668,0.486,0.538,0.683,0.627,0.749,0.013,0.109,-0.036,0.339,0.707,0.674,0.111,0.6,0.609,0.42,0.621,0.439,0.661,0.181,0.39,0.491,0.53,0.614,0.503,0.294,0.005,0.378,0.504,0.575,0.465,0.3,0.593,0.633,0.566,0.465,0.451,0.396,0.603,0.289,0.32,0.474,-0.105,-0.011,0.675,0.555,0.763,-0.173,0.598,0.624
lucio lvp,0.816,0.725,0.587,0.844,0.626,0.751,0.766,0.793,0.614,0.119,0.739,0.834,0.586,0.663,-0.241,0.807,0.593,0.736,0.83,0.778,0.762,0.736,0.842,0.188,0.127,0.548,0.566,0.791,-0.331,0.627,0.625,0.576,0.131,0.587,0.212,0.792,0.31,0.713,0.716,0.551,0.714,0.388,0.616,0.107,0.56,0.748,0.648,0.732,0.778,0.452,0.752,0.736,0.726,0.802,0.183,0.825,0.738,0.419,0.636,0.755,0.533,-0.152,0.64,-0.047,0.701,-0.037,0.736,0.608,0.75,0.798,0.815,0.868,0.662,0.763,0.754,0.707,0.525,0.753,0.785,0.061,0.67,0.758,0.779,0.772,0.399,0.461,0.606,0.853,0.69,0.776,0.764,-0.771,0.752,0.697,0.566,0.667,0.634,0.784,0.106,0.603,0.775,0.81,0.72,0.668,0.683,0.685,0.723,0.586,0.728,0.527,0.748,0.582,0.216,0.816,0.229,0.822,0.391,0.587,0.04,0.065,0.672,0.31,0.702,0.708,0.734,0.254,0.748,0.437,0.778,0.75,0.796,0.745,0.616,0.778,0.759,0.781,0.026,0.766,0.628,0.75,0.292,0.495,0.238,0.676,0.336,0.809,0.721,0.768,0.486,0.539,0.682,0.797,0.754,0.555,0.762,0.128,0.672,0.414,0.464,-0.55,0.515,0.689,0.634,0.74,0.831,0.678,0.732,0.635,0.535,0.729,0.615,0.445,0.753,0.828,0.464,-0.295,0.694,0.426,0.676,0.504,0.671,-0.058,0.332,0.633,0.763,0.289,0.791,0.71,0.661,0.421,0.851,0.621,0.743,-0.256,0.701,0.798,0.063,0.49,0.86,0.865,0.704,0.71,0.731,0.832,0.651,0.837,0.556,0.704,0.525,0.437,0.221,0.676,0.751,0.767,0.595,0.574,0.464,0.005,0.641,0.718,0.688,0.227,0.362,0.336,0.743,0.419,0.383,0.622,0.33,0.771,0.764,0.868,0.316,0.736,0.513,0.763,0.729,0.288,0.257,0.566,0.695,0.761,0.349,0.44,0.361,0.12,0.29,0.717,0.74,0.442,0.689,0.804
mac33,0.905,0.728,0.777,0.772,0.671,0.723,0.905,0.78,0.742,-0.214,0.705,0.812,0.717,0.734,0.243,0.82,0.69,0.561,0.822,0.604,0.729,0.727,0.883,0.566,0.362,0.646,0.675,0.915,-0.445,0.688,0.674,0.708,0.203,0.697,0.288,0.8,0.378,0.708,0.726,0.761,0.744,0.14,0.776,0.394,0.462,0.667,0.664,0.808,0.558,0.598,0.824,0.548,0.84,0.807,0.532,0.834,0.838,0.573,0.394,0.713,0.371,0.038,0.427,0.032,0.451,0.158,0.715,0.598,0.738,0.769,0.848,0.879,0.612,0.798,0.838,0.719,0.752,0.723,0.838,0.193,0.746,0.63,0.812,0.844,0.365,0.677,0.742,0.804,0.732,0.782,0.703,-0.694,0.774,0.563,0.195,0.833,0.656,0.83,0.347,0.73,0.616,0.796,0.706,0.482,0.674,0.642,0.754,0.761,0.615,0.404,0.588,0.562,0.4,0.705,0.399,0.85,0.563,0.825,0.268,0.12,0.466,0.45,0.831,0.47,0.749,0.404,0.577,0.508,0.615,0.638,0.811,0.8,0.666,0.763,0.636,0.658,0.319,0.789,0.267,0.619,0.55,0.317,0.469,0.77,0.355,0.875,0.526,0.683,0.68,0.649,0.753,0.786,0.788,0.522,0.754,0.361,0.686,0.003,0.531,-0.201,0.272,0.454,0.758,0.693,0.774,0.792,0.693,0.391,0.695,0.73,0.521,0.281,0.575,0.694,0.489,0.12,0.395,0.471,0.734,0.234,0.594,-0.066,0.161,0.369,0.682,0.145,0.816,0.694,0.643,0.584,0.75,0.608,0.72,0.066,0.489,0.797,0.318,0.15,0.935,0.899,0.55,0.511,0.705,0.679,0.509,0.866,0.456,0.778,0.607,0.284,-0.23,0.437,0.667,0.715,0.779,0.696,0.605,0.407,0.521,0.544,0.702,0.097,0.579,0.534,0.67,0.359,0.433,0.378,0.164,0.675,0.59,0.83,0.044,0.697,0.599,0.894,0.683,0.319,-0.058,0.546,0.515,0.643,0.282,0.155,0.516,0.399,0.363,0.556,0.763,0.08,0.63,0.864
manubahamonde,0.785,0.668,0.781,0.735,0.811,0.758,0.673,0.798,0.874,0.154,0.698,0.757,0.835,0.839,0.368,0.783,0.31,0.633,0.802,0.095,0.67,0.794,0.617,0.664,0.613,0.798,0.879,0.622,-0.401,0.363,0.245,0.69,0.544,0.501,0.549,0.736,0.756,0.73,0.665,0.791,0.802,0.042,0.716,0.653,-0.045,0.672,0.768,0.669,0.466,0.702,0.742,0.755,0.674,0.748,0.6,0.713,0.717,0.702,0.473,0.674,0.683,-0.141,0.04,0.366,0.451,0.095,0.731,0.662,0.671,0.696,0.585,0.626,0.703,0.717,0.83,0.83,0.663,0.831,0.821,-0.23,0.76,0.656,0.737,0.751,0.462,0.774,0.781,0.691,0.735,0.625,0.623,-0.588,0.827,0.33,0.256,0.816,0.77,0.747,0.563,0.783,0.639,0.707,0.68,0.55,0.789,0.772,0.813,0.65,0.744,-0.096,0.575,0.749,0.211,0.748,-0.075,0.787,0.595,0.662,0.844,0.634,0.368,-0.562,0.836,0.49,0.713,0.575,0.568,0.074,0.678,0.761,0.453,0.319,0.49,0.702,0.669,0.609,0.515,0.817,0.441,0.711,0.629,0.657,0.266,0.0,0.849,0.618,0.363,0.631,0.463,0.746,0.782,0.74,0.818,0.811,0.737,0.689,0.765,0.329,0.717,0.485,-0.066,0.498,0.784,0.84,0.616,0.781,0.608,0.461,0.766,0.828,0.674,0.567,0.554,0.518,0.447,0.529,0.362,0.597,0.427,0.522,0.075,0.156,-0.156,0.401,0.631,-0.111,0.681,0.818,0.65,0.675,0.623,0.77,0.586,0.142,0.513,0.772,0.66,0.377,0.702,0.574,0.638,-0.093,0.607,0.465,0.63,0.687,0.66,0.734,0.013,-0.126,-0.093,0.487,0.815,0.636,0.284,0.689,0.63,0.622,0.738,0.606,0.869,0.13,0.593,0.499,0.704,0.539,0.697,0.413,0.209,0.588,0.632,0.58,0.474,0.193,0.551,0.664,0.769,0.48,0.462,0.499,0.704,0.327,0.302,0.486,-0.215,0.039,0.696,0.622,0.798,-0.109,0.541,0.707
mari30,-0.727,-0.76,-0.714,-0.299,-0.316,-0.293,-0.532,-0.494,-0.725,-0.172,-0.559,-0.285,-0.834,-0.379,-0.634,-0.358,0.082,0.242,-0.415,-0.068,-0.724,-0.528,-0.464,-0.63,-0.701,-0.413,-0.81,-0.46,-0.522,0.036,0.146,-0.449,-0.571,-0.424,0.015,-0.335,-0.319,-0.122,-0.772,-0.856,-0.37,-0.106,-0.822,-0.696,-0.061,0.125,-0.577,-0.739,-0.084,-0.489,-0.662,0.051,-0.751,-0.186,-0.679,-0.503,-0.528,-0.403,0.438,-0.724,0.077,-0.633,-0.01,0.319,0.346,-0.081,-0.043,-0.37,-0.744,-0.259,-0.397,-0.634,0.019,-0.64,-0.718,-0.351,-0.829,-0.593,-0.431,-0.587,-0.759,0.103,-0.638,-0.46,0.082,-0.671,-0.789,-0.26,-0.764,-0.455,-0.649,-0.255,-0.676,-0.186,0.201,-0.717,-0.57,-0.351,-0.678,-0.678,0.198,-0.606,0.067,0.287,-0.309,-0.438,-0.629,-0.566,0.05,-0.697,-0.112,0.166,-0.518,-0.077,-0.27,-0.475,-0.366,-0.844,-0.275,0.279,0.153,-0.221,-0.531,0.313,-0.705,-0.315,-0.1,-0.56,0.044,0.086,-0.447,-0.04,-0.273,-0.658,0.089,-0.153,-0.527,-0.365,0.369,0.122,-0.45,0.221,-0.741,-0.336,-0.207,-0.68,-0.089,0.18,-0.714,-0.26,-0.729,-0.341,-0.335,0.002,-0.308,-0.422,-0.352,0.419,0.173,-0.651,0.147,0.386,-0.728,-0.327,-0.225,-0.404,-0.712,0.435,-0.562,-0.32,0.348,-0.047,-0.098,0.138,-0.267,-0.534,0.447,-0.823,0.013,0.187,-0.122,-0.435,-0.601,0.462,-0.17,-0.538,-0.668,-0.687,-0.198,-0.832,-0.233,-0.09,-0.777,-0.656,0.328,-0.343,-0.393,0.354,-0.546,-0.532,0.193,0.229,-0.754,-0.132,0.069,-0.582,-0.104,-0.73,-0.052,-0.61,0.536,0.418,-0.339,-0.681,-0.225,-0.547,-0.762,-0.53,-0.222,0.264,-0.457,-0.392,-0.66,-0.809,0.118,-0.54,-0.102,0.454,-0.009,0.353,0.094,-0.417,0.071,-0.482,-0.796,-0.6,0.116,-0.448,0.155,-0.044,-0.049,-0.063,-0.646,0.011,-0.573,-0.6,-0.747,-0.18,-0.701,0.315,-0.296,-0.433
martin_nani,0.767,0.719,0.595,0.903,0.758,0.843,0.845,0.855,0.636,0.186,0.788,0.886,0.598,0.78,-0.155,0.88,0.816,0.902,0.876,0.76,0.758,0.803,0.871,0.233,0.131,0.656,0.577,0.892,-0.458,0.838,0.848,0.608,0.283,0.691,0.303,0.881,0.362,0.832,0.708,0.589,0.779,0.142,0.673,0.165,0.541,0.916,0.644,0.645,0.845,0.531,0.776,0.74,0.726,0.904,0.341,0.856,0.809,0.472,0.821,0.751,0.706,-0.281,0.573,0.116,0.866,0.079,0.872,0.644,0.754,0.898,0.886,0.832,0.842,0.782,0.72,0.811,0.505,0.685,0.868,-0.014,0.698,0.918,0.792,0.828,0.539,0.454,0.644,0.907,0.701,0.824,0.767,-0.982,0.758,0.702,0.596,0.688,0.593,0.853,0.114,0.532,0.926,0.81,0.916,0.853,0.801,0.756,0.746,0.657,0.887,0.262,0.848,0.773,0.101,0.918,0.229,0.818,0.502,0.571,0.346,0.471,0.762,0.135,0.754,0.799,0.759,0.482,0.848,0.278,0.888,0.903,0.837,0.912,0.673,0.805,0.91,0.891,0.0,0.845,0.736,0.895,0.369,0.563,0.086,0.613,0.465,0.781,0.689,0.932,0.445,0.62,0.72,0.873,0.85,0.741,0.866,0.19,0.802,0.541,0.64,-0.488,0.509,0.869,0.678,0.814,0.879,0.81,0.725,0.819,0.584,0.835,0.855,0.518,0.85,0.933,0.577,-0.188,0.84,0.244,0.727,0.638,0.779,-0.064,0.127,0.808,0.887,0.105,0.801,0.714,0.852,0.428,0.887,0.666,0.714,-0.169,0.883,0.865,0.143,0.655,0.85,0.81,0.879,0.602,0.721,0.844,0.84,0.851,0.715,0.732,0.465,0.236,0.305,0.861,0.801,0.769,0.757,0.603,0.47,0.036,0.679,0.883,0.732,0.153,0.343,0.31,0.914,0.44,0.488,0.808,0.364,0.948,0.861,0.868,0.493,0.744,0.497,0.758,0.893,0.117,0.351,0.636,0.791,0.777,0.212,0.603,0.179,-0.056,0.292,0.722,0.742,0.437,0.756,0.832
martinoliba,0.289,0.298,0.552,0.143,0.291,0.177,0.182,0.264,0.435,-0.179,0.224,0.145,0.432,0.288,0.509,0.142,0.05,-0.05,0.215,-0.441,0.234,0.269,0.17,0.693,0.326,0.735,0.471,0.162,0.026,-0.092,-0.117,0.337,0.308,0.343,-0.293,0.195,0.282,0.203,0.304,0.667,0.302,-0.182,0.373,0.312,-0.193,0.038,0.532,0.683,-0.05,0.567,0.316,0.077,0.393,0.133,0.515,0.256,0.029,0.248,-0.238,0.23,-0.071,0.379,-0.293,-0.056,-0.182,0.469,0.093,0.187,0.262,0.156,0.134,0.283,0.091,0.323,0.395,0.271,0.417,0.423,0.254,-0.047,0.356,-0.028,0.224,0.405,-0.269,0.532,0.434,0.084,0.3,0.073,0.202,0.021,0.347,-0.129,-0.599,0.362,0.352,0.238,0.33,0.347,-0.052,0.271,0.048,-0.099,0.124,0.258,0.416,0.402,0.065,-0.066,-0.01,0.486,0.311,0.078,0.105,0.345,0.418,0.603,0.53,0.109,-0.122,-0.512,0.3,-0.064,0.299,0.365,-0.031,0.277,0.053,0.076,0.145,-0.012,0.127,0.296,0.038,0.052,0.379,0.293,-0.143,0.022,0.432,0.395,0.416,0.118,0.142,0.273,-0.313,0.014,0.433,0.354,0.36,0.221,0.2,0.267,0.213,0.653,0.229,-0.251,0.122,0.539,0.009,-0.17,0.404,0.206,-0.121,0.346,0.24,-0.246,0.321,0.228,-0.013,0.073,-0.036,-0.362,-0.005,0.526,-0.255,0.36,-0.026,-0.084,-0.179,0.082,-0.043,-0.264,0.098,-0.049,0.241,0.266,0.171,0.388,-0.17,0.309,0.296,0.326,-0.124,0.213,0.375,-0.237,0.432,0.176,-0.038,-0.606,0.258,-0.186,0.061,0.187,-0.001,0.292,0.082,-0.219,-0.553,-0.186,0.252,0.216,0.102,0.491,0.409,0.557,0.235,-0.076,0.579,-0.007,0.754,0.51,0.023,0.128,0.132,-0.224,0.493,-0.093,0.006,0.088,-0.085,0.101,0.319,0.313,0.064,0.114,-0.086,0.124,0.14,0.037,0.483,-0.097,0.147,0.458,0.445,0.139,0.406,-0.132,-0.147,0.258
matiasm,0.737,0.761,0.658,0.945,0.809,0.887,0.79,0.93,0.71,0.349,0.864,0.884,0.664,0.828,-0.162,0.857,0.756,0.941,0.902,0.589,0.846,0.897,0.809,0.289,0.108,0.847,0.681,0.854,-0.363,0.742,0.741,0.587,0.496,0.747,0.201,0.883,0.468,0.884,0.75,0.688,0.828,0.141,0.696,0.182,0.47,0.939,0.715,0.748,0.908,0.673,0.786,0.813,0.729,0.909,0.373,0.89,0.76,0.481,0.852,0.842,0.816,-0.286,0.549,0.009,0.885,0.25,0.892,0.714,0.804,0.924,0.849,0.821,0.91,0.854,0.764,0.878,0.42,0.738,0.883,-0.129,0.735,0.93,0.782,0.884,0.411,0.487,0.69,0.878,0.739,0.808,0.854,-1.0,0.862,0.677,0.527,0.68,0.675,0.848,0.053,0.546,0.942,0.837,0.927,0.894,0.827,0.84,0.823,0.722,0.94,0.203,0.91,0.923,0.01,0.962,0.063,0.864,0.581,0.615,0.543,0.592,0.766,-0.231,0.812,0.794,0.805,0.545,0.907,0.306,0.938,0.965,0.79,0.754,0.658,0.888,0.95,0.938,-0.05,0.882,0.791,0.947,0.396,0.794,0.033,0.48,0.605,0.801,0.569,0.915,0.407,0.666,0.764,0.894,0.849,0.88,0.893,0.361,0.841,0.639,0.631,-0.302,0.519,0.881,0.715,0.901,0.83,0.858,0.833,0.847,0.607,0.865,0.871,0.553,0.91,0.822,0.483,-0.126,0.869,0.243,0.652,0.7,0.637,-0.068,0.143,0.838,0.935,0.166,0.802,0.792,0.879,0.388,0.829,0.747,0.777,-0.044,0.91,0.879,0.091,0.76,0.847,0.748,0.929,0.361,0.819,0.765,0.922,0.832,0.797,0.732,0.335,0.194,0.392,0.871,0.947,0.851,0.644,0.706,0.442,-0.031,0.724,0.897,0.912,0.289,0.521,0.284,0.913,0.456,0.543,0.853,0.685,0.901,0.884,0.827,0.632,0.707,0.461,0.685,0.894,0.068,0.448,0.57,0.886,0.717,0.294,0.732,0.018,-0.096,0.426,0.73,0.826,0.559,0.714,0.802
mica123,0.911,0.866,0.807,0.938,0.908,0.917,0.9,0.956,0.869,0.237,0.875,0.937,0.851,0.921,0.143,0.967,0.663,0.844,0.965,0.538,0.845,0.92,0.901,0.521,0.467,0.83,0.853,0.891,-0.367,0.703,0.648,0.774,0.477,0.704,0.409,0.944,0.577,0.863,0.858,0.836,0.907,0.092,0.853,0.448,0.32,0.878,0.86,0.787,0.758,0.688,0.917,0.806,0.871,0.924,0.593,0.915,0.879,0.64,0.695,0.844,0.74,-0.131,0.327,0.279,0.746,0.041,0.882,0.729,0.875,0.922,0.875,0.895,0.834,0.879,0.904,0.934,0.759,0.904,0.975,-0.052,0.892,0.888,0.924,0.913,0.584,0.725,0.868,0.931,0.876,0.846,0.824,-0.858,0.905,0.608,0.51,0.886,0.789,0.928,0.457,0.735,0.873,0.917,0.883,0.778,0.916,0.884,0.923,0.748,0.912,0.193,0.81,0.828,0.245,0.934,0.187,0.911,0.639,0.75,0.653,0.595,0.659,-0.172,0.877,0.742,0.899,0.637,0.806,0.244,0.886,0.917,0.803,0.782,0.664,0.902,0.886,0.874,0.293,0.962,0.682,0.88,0.554,0.624,0.265,0.451,0.689,0.816,0.633,0.885,0.598,0.748,0.913,0.944,0.958,0.834,0.941,0.451,0.92,0.504,0.726,-0.066,0.327,0.773,0.884,0.926,0.852,0.906,0.787,0.69,0.794,0.966,0.845,0.67,0.799,0.808,0.66,0.162,0.666,0.54,0.615,0.686,0.605,0.159,0.06,0.652,0.876,0.02,0.903,0.897,0.915,0.735,0.87,0.774,0.811,-0.02,0.786,0.949,0.5,0.576,0.93,0.834,0.836,0.31,0.795,0.781,0.834,0.916,0.776,0.904,0.306,0.124,0.087,0.759,0.887,0.839,0.645,0.729,0.738,0.414,0.851,0.836,0.898,0.128,0.534,0.586,0.909,0.645,0.619,0.654,0.32,0.841,0.847,0.869,0.58,0.633,0.712,0.874,0.916,0.341,0.494,0.698,0.85,0.707,0.404,0.648,0.095,0.052,0.606,0.82,0.909,0.224,0.758,0.908
negro74,0.797,0.623,0.808,0.63,0.588,0.609,0.754,0.691,0.731,-0.286,0.626,0.661,0.692,0.653,0.386,0.657,0.572,0.391,0.684,0.306,0.669,0.648,0.703,0.68,0.412,0.708,0.677,0.77,-0.442,0.514,0.494,0.626,0.283,0.672,0.203,0.667,0.414,0.616,0.628,0.805,0.662,0.088,0.714,0.503,0.312,0.523,0.605,0.851,0.389,0.677,0.728,0.447,0.759,0.666,0.562,0.736,0.696,0.594,0.205,0.654,0.247,0.054,0.297,-0.053,0.217,0.359,0.584,0.54,0.64,0.634,0.696,0.742,0.502,0.736,0.781,0.622,0.689,0.646,0.716,0.198,0.679,0.434,0.683,0.778,0.161,0.673,0.699,0.626,0.652,0.633,0.627,-0.532,0.75,0.382,-0.14,0.757,0.62,0.707,0.357,0.719,0.423,0.675,0.575,0.299,0.541,0.541,0.691,0.758,0.459,0.22,0.441,0.542,0.403,0.548,0.378,0.75,0.511,0.85,0.36,0.085,0.251,0.177,0.8,0.244,0.655,0.413,0.426,0.43,0.459,0.484,0.662,0.584,0.551,0.684,0.473,0.487,0.446,0.666,0.045,0.459,0.602,0.359,0.5,0.623,0.314,0.802,0.248,0.491,0.657,0.655,0.683,0.66,0.672,0.516,0.617,0.551,0.56,-0.236,0.449,0.076,0.142,0.22,0.703,0.601,0.562,0.763,0.64,0.198,0.614,0.593,0.345,0.147,0.422,0.405,0.291,0.357,0.168,0.387,0.609,0.031,0.357,-0.126,0.132,0.168,0.54,0.19,0.693,0.61,0.51,0.513,0.523,0.549,0.644,0.282,0.262,0.661,0.315,-0.048,0.834,0.74,0.39,0.197,0.646,0.41,0.382,0.728,0.364,0.663,0.46,0.164,-0.394,0.2,0.613,0.637,0.643,0.712,0.517,0.492,0.368,0.339,0.722,0.163,0.74,0.479,0.495,0.212,0.446,0.186,0.275,0.488,0.4,0.632,-0.136,0.587,0.487,0.748,0.526,0.245,-0.252,0.357,0.392,0.441,0.249,-0.013,0.412,0.497,0.376,0.36,0.73,0.02,0.443,0.705
nice_may89,0.545,0.559,0.442,0.764,0.66,0.731,0.662,0.716,0.481,0.241,0.657,0.73,0.432,0.66,-0.219,0.713,0.757,0.855,0.712,0.604,0.606,0.672,0.679,0.122,0.06,0.578,0.433,0.724,-0.424,0.759,0.781,0.459,0.276,0.588,0.25,0.739,0.317,0.728,0.548,0.438,0.653,0.075,0.503,0.077,0.444,0.845,0.492,0.46,0.764,0.444,0.604,0.676,0.539,0.768,0.243,0.692,0.635,0.37,0.819,0.605,0.69,-0.373,0.481,0.168,0.837,0.09,0.773,0.532,0.594,0.773,0.72,0.628,0.765,0.622,0.537,0.691,0.326,0.518,0.709,-0.125,0.544,0.838,0.613,0.678,0.48,0.29,0.485,0.758,0.545,0.657,0.622,-0.93,0.605,0.589,0.543,0.497,0.46,0.697,0.037,0.359,0.86,0.641,0.844,0.828,0.692,0.626,0.589,0.509,0.819,0.046,0.768,0.747,-0.023,0.811,0.152,0.637,0.39,0.395,0.384,0.559,0.69,-0.081,0.603,0.733,0.603,0.465,0.77,0.086,0.81,0.835,0.671,0.79,0.527,0.656,0.838,0.789,-0.077,0.703,0.729,0.828,0.286,0.581,-0.071,0.436,0.465,0.58,0.525,0.853,0.286,0.523,0.569,0.741,0.717,0.719,0.744,0.164,0.69,0.576,0.602,-0.453,0.491,0.849,0.52,0.7,0.721,0.693,0.574,0.817,0.464,0.711,0.83,0.5,0.772,0.803,0.468,-0.201,0.828,0.056,0.595,0.634,0.67,-0.068,0.034,0.805,0.783,0.037,0.622,0.559,0.787,0.29,0.731,0.561,0.557,-0.147,0.845,0.715,0.086,0.688,0.657,0.605,0.834,0.46,0.562,0.69,0.799,0.666,0.676,0.558,0.3,0.103,0.394,0.845,0.694,0.62,0.659,0.455,0.328,-0.045,0.577,0.839,0.627,0.135,0.246,0.163,0.839,0.341,0.462,0.8,0.415,0.884,0.772,0.686,0.533,0.593,0.343,0.551,0.812,-0.014,0.379,0.529,0.715,0.671,0.108,0.625,-0.01,-0.164,0.203,0.601,0.581,0.511,0.632,0.647
nickant,0.91,0.869,0.833,0.884,0.87,0.863,0.864,0.916,0.873,0.186,0.834,0.891,0.864,0.879,0.203,0.925,0.565,0.74,0.932,0.461,0.813,0.881,0.875,0.587,0.495,0.849,0.871,0.835,-0.276,0.591,0.531,0.788,0.456,0.664,0.32,0.897,0.556,0.803,0.861,0.875,0.883,0.111,0.852,0.44,0.272,0.782,0.909,0.847,0.681,0.688,0.909,0.761,0.887,0.856,0.623,0.882,0.812,0.609,0.565,0.811,0.633,0.01,0.255,0.249,0.643,0.036,0.801,0.695,0.861,0.864,0.821,0.9,0.739,0.86,0.917,0.893,0.806,0.944,0.938,-0.032,0.889,0.797,0.911,0.897,0.502,0.781,0.878,0.878,0.869,0.79,0.788,-0.731,0.882,0.554,0.419,0.89,0.808,0.895,0.503,0.749,0.779,0.906,0.775,0.671,0.855,0.857,0.926,0.731,0.83,0.27,0.725,0.793,0.321,0.861,0.194,0.914,0.658,0.794,0.625,0.489,0.593,-0.164,0.838,0.692,0.887,0.59,0.719,0.328,0.815,0.835,0.769,0.703,0.628,0.877,0.8,0.805,0.336,0.935,0.617,0.793,0.552,0.601,0.367,0.476,0.637,0.8,0.584,0.8,0.65,0.717,0.907,0.904,0.909,0.755,0.897,0.474,0.877,0.439,0.658,-0.006,0.32,0.668,0.887,0.876,0.777,0.853,0.759,0.56,0.797,0.928,0.742,0.659,0.712,0.695,0.635,0.19,0.552,0.655,0.548,0.631,0.53,0.206,0.086,0.525,0.804,0.016,0.888,0.884,0.841,0.78,0.791,0.764,0.809,-0.017,0.687,0.914,0.544,0.474,0.942,0.833,0.732,0.253,0.774,0.729,0.741,0.888,0.68,0.901,0.334,0.133,-0.026,0.652,0.842,0.808,0.582,0.738,0.789,0.489,0.862,0.742,0.903,0.094,0.594,0.676,0.822,0.659,0.553,0.531,0.331,0.729,0.785,0.842,0.517,0.597,0.756,0.889,0.833,0.411,0.476,0.696,0.799,0.686,0.518,0.569,0.18,0.164,0.65,0.826,0.907,0.173,0.676,0.901
pablo,0.832,0.78,0.851,0.89,0.848,0.863,0.829,0.917,0.844,0.094,0.812,0.878,0.785,0.855,0.203,0.884,0.629,0.776,0.912,0.367,0.802,0.868,0.816,0.621,0.412,0.9,0.844,0.862,-0.406,0.588,0.563,0.746,0.451,0.727,0.305,0.863,0.586,0.85,0.775,0.874,0.884,0.045,0.808,0.437,0.347,0.818,0.779,0.848,0.682,0.754,0.855,0.789,0.811,0.881,0.586,0.88,0.805,0.644,0.6,0.796,0.679,-0.081,0.316,0.155,0.629,0.308,0.839,0.721,0.788,0.854,0.803,0.848,0.767,0.868,0.907,0.867,0.656,0.847,0.916,-0.23,0.811,0.792,0.831,0.931,0.395,0.756,0.814,0.836,0.794,0.77,0.777,-0.821,0.898,0.536,0.307,0.807,0.82,0.889,0.365,0.754,0.786,0.844,0.836,0.688,0.818,0.783,0.883,0.803,0.83,0.157,0.731,0.859,0.254,0.868,0.095,0.904,0.689,0.802,0.685,0.48,0.541,-0.272,0.931,0.608,0.813,0.548,0.721,0.375,0.815,0.86,0.716,0.623,0.621,0.851,0.822,0.792,0.313,0.9,0.517,0.824,0.614,0.704,0.318,0.598,0.717,0.803,0.422,0.795,0.606,0.772,0.835,0.878,0.874,0.836,0.869,0.601,0.808,0.352,0.697,-0.015,0.261,0.651,0.828,0.89,0.798,0.895,0.767,0.59,0.813,0.884,0.746,0.539,0.716,0.68,0.494,0.19,0.571,0.45,0.629,0.531,0.434,0.029,0.006,0.557,0.802,0.038,0.814,0.815,0.817,0.6,0.765,0.815,0.76,0.038,0.684,0.882,0.425,0.471,0.921,0.806,0.758,0.234,0.764,0.65,0.772,0.853,0.726,0.805,0.42,0.07,0.001,0.638,0.908,0.785,0.545,0.777,0.62,0.402,0.716,0.731,0.953,0.172,0.7,0.506,0.824,0.487,0.621,0.576,0.563,0.755,0.728,0.789,0.443,0.552,0.575,0.815,0.835,0.329,0.35,0.581,0.749,0.714,0.381,0.5,0.091,0.328,0.565,0.692,0.872,0.388,0.646,0.843
pra3t0r5,0.689,0.772,0.521,0.805,0.719,0.763,0.762,0.781,0.585,0.373,0.744,0.777,0.605,0.705,-0.16,0.81,0.651,0.776,0.796,0.72,0.702,0.744,0.808,0.175,0.191,0.579,0.571,0.753,-0.12,0.702,0.691,0.584,0.354,0.556,0.169,0.81,0.261,0.68,0.758,0.563,0.708,0.163,0.662,0.078,0.429,0.769,0.719,0.57,0.787,0.407,0.755,0.653,0.735,0.745,0.388,0.756,0.687,0.324,0.704,0.703,0.608,-0.084,0.405,0.187,0.821,-0.188,0.711,0.546,0.77,0.815,0.775,0.8,0.68,0.703,0.655,0.748,0.582,0.727,0.784,0.096,0.719,0.829,0.79,0.708,0.545,0.438,0.657,0.83,0.719,0.722,0.713,-0.792,0.662,0.645,0.687,0.651,0.571,0.757,0.241,0.407,0.829,0.799,0.735,0.768,0.756,0.747,0.726,0.506,0.807,0.373,0.767,0.647,0.134,0.811,0.255,0.723,0.472,0.503,0.34,0.479,0.749,0.068,0.566,0.817,0.775,0.474,0.771,0.243,0.819,0.794,0.79,0.853,0.553,0.774,0.806,0.842,-0.05,0.791,0.817,0.776,0.228,0.451,0.121,0.51,0.409,0.652,0.715,0.833,0.459,0.455,0.736,0.815,0.771,0.597,0.824,0.045,0.795,0.673,0.502,-0.466,0.589,0.828,0.678,0.723,0.754,0.662,0.66,0.707,0.557,0.804,0.767,0.683,0.772,0.8,0.67,-0.244,0.764,0.428,0.483,0.756,0.805,0.215,0.2,0.7,0.807,0.056,0.79,0.716,0.845,0.588,0.801,0.543,0.727,-0.184,0.826,0.8,0.25,0.672,0.766,0.737,0.767,0.514,0.677,0.835,0.76,0.781,0.641,0.761,0.314,0.268,0.307,0.818,0.676,0.731,0.666,0.481,0.631,0.086,0.802,0.82,0.64,0.052,0.245,0.5,0.815,0.632,0.342,0.689,0.291,0.778,0.829,0.822,0.648,0.715,0.658,0.728,0.77,0.162,0.56,0.695,0.779,0.757,0.427,0.716,0.222,-0.132,0.41,0.826,0.704,0.397,0.689,0.776
rich_berry6,0.808,0.74,0.825,0.815,0.863,0.817,0.745,0.874,0.881,0.194,0.789,0.811,0.849,0.879,0.339,0.838,0.505,0.714,0.854,0.18,0.762,0.862,0.722,0.665,0.512,0.919,0.881,0.741,-0.396,0.504,0.432,0.711,0.568,0.67,0.391,0.817,0.671,0.807,0.737,0.881,0.843,-0.073,0.803,0.594,0.098,0.761,0.815,0.791,0.58,0.787,0.81,0.7,0.763,0.821,0.65,0.812,0.755,0.687,0.54,0.762,0.704,-0.118,0.116,0.239,0.541,0.285,0.792,0.693,0.757,0.792,0.722,0.733,0.795,0.809,0.845,0.878,0.658,0.823,0.881,-0.178,0.817,0.736,0.784,0.854,0.428,0.762,0.837,0.755,0.785,0.714,0.728,-0.725,0.881,0.39,0.222,0.829,0.744,0.819,0.463,0.738,0.705,0.787,0.785,0.632,0.826,0.83,0.88,0.766,0.801,-0.042,0.671,0.86,0.199,0.813,0.029,0.817,0.667,0.744,0.853,0.674,0.46,-0.517,0.867,0.535,0.795,0.686,0.661,0.174,0.75,0.814,0.607,0.514,0.581,0.81,0.756,0.72,0.411,0.872,0.48,0.762,0.639,0.693,0.241,0.205,0.73,0.719,0.376,0.715,0.521,0.785,0.841,0.814,0.856,0.875,0.817,0.689,0.829,0.35,0.703,0.314,0.079,0.572,0.841,0.872,0.663,0.885,0.722,0.529,0.743,0.873,0.738,0.528,0.651,0.549,0.492,0.458,0.456,0.461,0.484,0.537,0.301,0.102,-0.087,0.482,0.753,-0.044,0.762,0.832,0.805,0.653,0.655,0.777,0.691,0.134,0.604,0.832,0.548,0.441,0.807,0.632,0.717,-0.099,0.721,0.504,0.761,0.764,0.735,0.794,0.146,-0.101,-0.056,0.558,0.866,0.738,0.419,0.78,0.641,0.519,0.731,0.663,0.936,0.148,0.673,0.525,0.763,0.534,0.656,0.507,0.404,0.661,0.682,0.656,0.504,0.43,0.577,0.727,0.803,0.291,0.418,0.532,0.77,0.464,0.34,0.539,-0.113,0.073,0.67,0.641,0.871,0.053,0.589,0.762
rich_major34,0.872,0.785,0.897,0.903,0.9,0.897,0.903,0.951,0.899,0.048,0.857,0.901,0.844,0.929,0.329,0.917,0.765,0.795,0.927,0.372,0.839,0.912,0.847,0.691,0.473,0.93,0.866,0.939,-0.533,0.729,0.696,0.764,0.545,0.813,0.406,0.916,0.622,0.897,0.783,0.921,0.907,-0.04,0.869,0.574,0.318,0.877,0.764,0.843,0.676,0.824,0.89,0.738,0.853,0.933,0.693,0.919,0.894,0.732,0.625,0.831,0.701,-0.167,0.302,0.187,0.621,0.372,0.895,0.743,0.812,0.904,0.869,0.842,0.855,0.903,0.907,0.916,0.703,0.798,0.963,-0.076,0.857,0.817,0.857,0.96,0.452,0.761,0.865,0.861,0.826,0.823,0.806,-0.898,0.94,0.521,0.213,0.877,0.779,0.923,0.407,0.768,0.802,0.852,0.926,0.712,0.87,0.818,0.897,0.883,0.858,0.014,0.756,0.888,0.24,0.887,0.207,0.896,0.704,0.846,0.789,0.63,0.531,-0.253,0.989,0.567,0.845,0.689,0.745,0.269,0.817,0.88,0.771,0.743,0.678,0.885,0.846,0.81,0.388,0.928,0.453,0.841,0.69,0.667,0.29,0.514,0.707,0.855,0.41,0.835,0.617,0.843,0.879,0.91,0.936,0.911,0.902,0.663,0.867,0.239,0.764,0.096,0.199,0.646,0.879,0.912,0.807,0.999,0.797,0.614,0.809,0.91,0.799,0.479,0.738,0.703,0.519,0.372,0.554,0.346,0.692,0.473,0.5,-0.023,-0.044,0.57,0.85,0.028,0.846,0.832,0.889,0.621,0.779,0.792,0.765,0.214,0.681,0.911,0.462,0.423,0.924,0.79,0.796,0.151,0.793,0.618,0.809,0.882,0.775,0.84,0.346,-0.004,-0.069,0.631,0.91,0.814,0.693,0.825,0.624,0.48,0.667,0.74,0.955,0.172,0.736,0.496,0.866,0.447,0.699,0.593,0.467,0.819,0.73,0.781,0.377,0.619,0.572,0.828,0.886,0.215,0.21,0.561,0.753,0.622,0.242,0.466,0.062,0.224,0.558,0.617,0.904,0.225,0.69,0.856
rogimba,0.696,0.763,0.466,0.867,0.636,0.776,0.745,0.849,0.587,0.544,0.855,0.778,0.596,0.689,-0.361,0.753,0.66,0.812,0.807,0.791,0.889,0.846,0.768,-0.011,-0.051,0.589,0.556,0.804,-0.135,0.723,0.715,0.406,0.509,0.669,0.124,0.783,0.301,0.729,0.752,0.519,0.66,0.232,0.65,0.074,0.552,0.792,0.578,0.602,0.942,0.491,0.713,0.609,0.664,0.788,0.214,0.828,0.744,0.314,0.783,0.886,0.745,-0.284,0.712,-0.251,0.836,0.075,0.75,0.642,0.834,0.838,0.825,0.785,0.819,0.806,0.642,0.758,0.305,0.589,0.766,0.147,0.678,0.828,0.741,0.733,0.362,0.267,0.598,0.803,0.717,0.82,0.907,-0.906,0.793,0.753,0.666,0.593,0.514,0.708,-0.106,0.416,0.82,0.796,0.775,0.797,0.73,0.798,0.716,0.609,0.798,0.472,0.904,0.613,-0.11,0.85,0.046,0.754,0.406,0.478,0.252,0.407,0.766,0.084,0.661,0.688,0.791,0.421,0.908,0.343,0.81,0.805,0.805,0.718,0.631,0.878,0.818,0.901,-0.278,0.742,0.743,0.807,0.181,0.51,-0.066,0.397,0.403,0.814,0.682,0.759,0.29,0.44,0.695,0.782,0.716,0.65,0.778,0.051,0.749,0.647,0.346,-0.421,0.546,0.791,0.615,0.781,0.805,0.702,0.898,0.786,0.419,0.723,0.671,0.408,0.919,0.828,0.463,-0.349,0.838,0.216,0.557,0.627,0.745,-0.057,0.417,0.797,0.883,0.404,0.795,0.773,0.744,0.297,0.835,0.502,0.816,-0.016,0.827,0.763,-0.193,0.762,0.709,0.699,0.816,0.478,0.887,0.8,0.808,0.805,0.702,0.694,0.24,0.52,0.562,0.778,0.839,0.902,0.641,0.58,0.342,-0.376,0.582,0.77,0.703,0.443,0.286,0.173,0.749,0.469,0.34,0.803,0.495,0.738,0.793,0.823,0.629,0.815,0.452,0.579,0.702,-0.034,0.385,0.425,0.786,0.585,0.25,0.765,0.12,-0.338,0.341,0.631,0.751,0.467,0.755,0.704
sabri,0.761,0.837,0.594,0.847,0.758,0.83,0.785,0.866,0.703,0.475,0.837,0.803,0.712,0.775,-0.146,0.811,0.592,0.787,0.836,0.66,0.833,0.846,0.777,0.196,0.34,0.611,0.701,0.78,-0.12,0.681,0.624,0.569,0.519,0.592,0.311,0.83,0.458,0.711,0.829,0.622,0.76,0.276,0.712,0.25,0.372,0.78,0.7,0.578,0.824,0.493,0.801,0.764,0.745,0.777,0.384,0.804,0.775,0.438,0.727,0.841,0.727,-0.219,0.469,0.179,0.788,-0.212,0.754,0.636,0.854,0.838,0.769,0.788,0.716,0.783,0.75,0.809,0.606,0.764,0.823,0.076,0.801,0.821,0.834,0.74,0.54,0.448,0.72,0.847,0.818,0.765,0.822,-0.803,0.802,0.684,0.681,0.713,0.676,0.762,0.33,0.546,0.83,0.839,0.762,0.772,0.824,0.794,0.777,0.544,0.835,0.289,0.826,0.621,0.093,0.845,0.165,0.764,0.414,0.554,0.453,0.512,0.683,-0.112,0.697,0.714,0.843,0.524,0.832,0.124,0.825,0.829,0.752,0.718,0.533,0.854,0.81,0.848,0.048,0.815,0.769,0.811,0.328,0.519,0.109,0.313,0.651,0.715,0.641,0.793,0.448,0.519,0.814,0.849,0.829,0.69,0.843,0.184,0.829,0.627,0.53,-0.222,0.481,0.798,0.734,0.821,0.781,0.731,0.771,0.729,0.653,0.833,0.734,0.696,0.831,0.786,0.595,-0.119,0.742,0.46,0.483,0.736,0.659,0.23,0.273,0.703,0.817,0.203,0.835,0.838,0.832,0.636,0.843,0.55,0.809,0.035,0.783,0.817,0.267,0.692,0.751,0.743,0.789,0.427,0.777,0.796,0.757,0.827,0.718,0.802,0.103,0.364,0.359,0.785,0.796,0.837,0.669,0.511,0.631,0.097,0.768,0.811,0.733,0.278,0.314,0.44,0.815,0.648,0.5,0.676,0.302,0.755,0.801,0.817,0.682,0.643,0.667,0.692,0.784,0.242,0.535,0.579,0.783,0.64,0.379,0.782,0.067,-0.176,0.512,0.759,0.786,0.39,0.754,0.763
short_pip18,0.669,0.634,0.526,0.862,0.745,0.814,0.72,0.813,0.605,0.28,0.738,0.836,0.557,0.762,-0.201,0.82,0.693,0.923,0.828,0.618,0.689,0.777,0.745,0.192,0.102,0.66,0.555,0.755,-0.46,0.724,0.713,0.544,0.342,0.593,0.344,0.819,0.428,0.816,0.622,0.512,0.75,0.159,0.569,0.149,0.4,0.91,0.621,0.559,0.82,0.517,0.685,0.801,0.612,0.858,0.275,0.778,0.714,0.45,0.866,0.687,0.784,-0.368,0.494,0.173,0.884,0.061,0.855,0.631,0.672,0.847,0.767,0.707,0.862,0.709,0.653,0.803,0.379,0.663,0.811,-0.145,0.624,0.914,0.706,0.755,0.528,0.41,0.574,0.84,0.627,0.735,0.7,-0.952,0.72,0.627,0.621,0.613,0.575,0.783,0.071,0.481,0.933,0.73,0.889,0.881,0.786,0.756,0.703,0.576,0.91,0.114,0.834,0.827,-0.007,0.915,0.06,0.766,0.477,0.45,0.442,0.596,0.753,-0.139,0.701,0.828,0.683,0.465,0.836,0.156,0.899,0.931,0.695,0.744,0.602,0.737,0.911,0.86,-0.027,0.811,0.813,0.919,0.323,0.693,-0.032,0.356,0.562,0.666,0.643,0.912,0.308,0.606,0.653,0.818,0.808,0.804,0.819,0.234,0.777,0.664,0.669,-0.353,0.447,0.896,0.608,0.82,0.805,0.751,0.659,0.861,0.531,0.814,0.895,0.568,0.836,0.879,0.506,-0.145,0.866,0.223,0.641,0.716,0.603,-0.062,0.029,0.847,0.853,0.033,0.701,0.692,0.802,0.346,0.823,0.7,0.616,-0.185,0.904,0.818,0.15,0.742,0.731,0.672,0.906,0.458,0.646,0.772,0.859,0.742,0.74,0.642,0.293,0.106,0.403,0.891,0.821,0.698,0.582,0.564,0.385,0.005,0.712,0.904,0.745,0.159,0.311,0.212,0.908,0.426,0.53,0.85,0.413,0.93,0.879,0.761,0.601,0.571,0.395,0.625,0.902,0.118,0.486,0.597,0.838,0.657,0.172,0.683,-0.047,-0.22,0.321,0.719,0.692,0.413,0.693,0.743
silvia_hernandez,0.782,0.671,0.702,0.848,0.749,0.814,0.83,0.88,0.773,0.172,0.834,0.814,0.723,0.827,0.146,0.804,0.75,0.767,0.83,0.475,0.857,0.871,0.744,0.416,0.264,0.731,0.713,0.899,-0.558,0.763,0.73,0.542,0.566,0.782,0.455,0.814,0.558,0.835,0.67,0.715,0.756,-0.025,0.759,0.535,0.374,0.832,0.523,0.662,0.717,0.728,0.755,0.596,0.69,0.882,0.484,0.857,0.894,0.66,0.671,0.849,0.75,-0.384,0.492,-0.063,0.607,0.425,0.851,0.712,0.754,0.837,0.839,0.713,0.894,0.846,0.754,0.823,0.433,0.554,0.853,0.033,0.725,0.768,0.737,0.832,0.391,0.499,0.71,0.774,0.723,0.833,0.834,-0.939,0.895,0.556,0.27,0.746,0.588,0.791,0.136,0.656,0.744,0.741,0.901,0.697,0.786,0.761,0.75,0.829,0.783,0.023,0.789,0.708,0.006,0.831,0.087,0.779,0.534,0.665,0.615,0.582,0.517,-0.112,0.926,0.435,0.753,0.603,0.783,0.199,0.731,0.807,0.717,0.663,0.676,0.839,0.785,0.779,0.18,0.784,0.37,0.791,0.557,0.528,0.056,0.328,0.604,0.856,0.423,0.734,0.386,0.727,0.745,0.789,0.821,0.84,0.776,0.504,0.761,0.209,0.61,0.064,0.112,0.598,0.725,0.844,0.801,0.921,0.844,0.663,0.595,0.764,0.702,0.232,0.782,0.748,0.382,0.263,0.586,0.096,0.701,0.353,0.491,-0.21,0.068,0.631,0.83,0.224,0.757,0.763,0.75,0.349,0.775,0.631,0.705,0.295,0.646,0.789,0.115,0.467,0.736,0.664,0.781,0.183,0.822,0.574,0.773,0.809,0.765,0.705,0.216,0.155,0.155,0.585,0.88,0.826,0.668,0.747,0.339,0.098,0.424,0.666,0.8,0.381,0.554,0.171,0.768,0.29,0.644,0.656,0.374,0.766,0.649,0.705,0.337,0.638,0.355,0.628,0.783,0.01,0.062,0.326,0.672,0.414,-0.037,0.471,-0.053,-0.076,0.394,0.399,0.802,0.154,0.727,0.708
simple_may70,0.872,0.835,0.761,0.872,0.787,0.83,0.84,0.904,0.822,0.255,0.853,0.85,0.813,0.823,0.102,0.866,0.578,0.716,0.891,0.526,0.87,0.881,0.832,0.452,0.375,0.76,0.811,0.846,-0.268,0.612,0.562,0.669,0.498,0.69,0.306,0.85,0.512,0.776,0.83,0.801,0.813,0.133,0.822,0.424,0.356,0.755,0.768,0.791,0.725,0.662,0.859,0.684,0.827,0.835,0.521,0.878,0.834,0.577,0.575,0.867,0.652,-0.092,0.402,0.04,0.619,0.121,0.777,0.698,0.861,0.841,0.826,0.862,0.751,0.869,0.862,0.843,0.661,0.814,0.887,0.044,0.838,0.759,0.862,0.855,0.425,0.648,0.814,0.835,0.838,0.816,0.848,-0.766,0.896,0.595,0.421,0.822,0.734,0.835,0.335,0.704,0.737,0.869,0.765,0.651,0.809,0.823,0.865,0.743,0.778,0.32,0.758,0.683,0.203,0.832,0.143,0.863,0.576,0.739,0.521,0.417,0.574,-0.079,0.843,0.587,0.862,0.534,0.753,0.345,0.768,0.786,0.77,0.658,0.634,0.89,0.765,0.801,0.216,0.859,0.536,0.759,0.489,0.53,0.268,0.459,0.58,0.844,0.566,0.732,0.557,0.661,0.853,0.851,0.846,0.721,0.838,0.409,0.814,0.379,0.547,-0.046,0.29,0.619,0.822,0.851,0.793,0.835,0.837,0.571,0.698,0.843,0.657,0.5,0.751,0.707,0.537,0.114,0.561,0.497,0.568,0.53,0.546,0.084,0.201,0.545,0.806,0.192,0.864,0.863,0.78,0.624,0.801,0.672,0.824,0.074,0.651,0.855,0.311,0.481,0.864,0.794,0.716,0.283,0.841,0.705,0.727,0.875,0.691,0.842,0.295,0.271,0.091,0.603,0.855,0.859,0.58,0.722,0.629,0.25,0.699,0.682,0.845,0.259,0.552,0.498,0.756,0.559,0.523,0.554,0.363,0.684,0.722,0.818,0.466,0.663,0.64,0.79,0.756,0.28,0.34,0.538,0.745,0.605,0.38,0.557,0.156,0.08,0.565,0.686,0.881,0.223,0.708,0.822
tall_emily4,0.671,0.669,0.575,0.799,0.757,0.777,0.716,0.796,0.662,0.322,0.734,0.774,0.639,0.766,0.004,0.791,0.603,0.801,0.793,0.469,0.693,0.778,0.708,0.308,0.256,0.679,0.645,0.733,-0.336,0.642,0.607,0.565,0.454,0.589,0.35,0.779,0.47,0.753,0.659,0.608,0.732,0.006,0.656,0.3,0.28,0.802,0.642,0.547,0.709,0.552,0.704,0.675,0.639,0.791,0.431,0.742,0.718,0.485,0.717,0.694,0.743,-0.245,0.316,0.206,0.741,0.082,0.78,0.611,0.696,0.788,0.723,0.678,0.79,0.706,0.671,0.79,0.471,0.657,0.797,-0.131,0.682,0.817,0.715,0.732,0.511,0.49,0.654,0.768,0.676,0.708,0.69,-0.837,0.726,0.53,0.522,0.659,0.585,0.747,0.232,0.51,0.806,0.721,0.806,0.762,0.781,0.754,0.726,0.6,0.83,0.072,0.749,0.747,0.034,0.826,0.036,0.721,0.526,0.509,0.601,0.653,0.625,-0.243,0.704,0.674,0.712,0.556,0.748,0.131,0.793,0.837,0.643,0.652,0.559,0.739,0.81,0.787,0.087,0.788,0.669,0.811,0.398,0.575,0.033,0.275,0.615,0.636,0.534,0.792,0.36,0.595,0.707,0.776,0.783,0.763,0.787,0.322,0.781,0.572,0.623,-0.101,0.285,0.757,0.673,0.791,0.73,0.75,0.66,0.713,0.595,0.805,0.802,0.551,0.745,0.742,0.538,0.05,0.689,0.293,0.513,0.659,0.524,0.07,-0.006,0.687,0.786,-0.011,0.705,0.721,0.795,0.481,0.741,0.64,0.631,-0.042,0.772,0.778,0.293,0.645,0.693,0.614,0.797,0.236,0.656,0.662,0.795,0.722,0.726,0.693,0.187,0.062,0.266,0.75,0.775,0.695,0.526,0.577,0.492,0.157,0.686,0.781,0.733,0.142,0.356,0.339,0.813,0.507,0.523,0.696,0.337,0.768,0.759,0.697,0.623,0.507,0.486,0.63,0.809,0.149,0.5,0.549,0.764,0.561,0.222,0.673,-0.08,-0.162,0.451,0.659,0.71,0.254,0.66,0.708
tatog74,0.879,0.858,0.727,0.928,0.836,0.886,0.883,0.93,0.799,0.286,0.864,0.913,0.788,0.856,0.001,0.933,0.645,0.829,0.942,0.653,0.851,0.894,0.891,0.385,0.352,0.732,0.782,0.881,-0.288,0.699,0.654,0.708,0.448,0.667,0.35,0.911,0.492,0.82,0.848,0.748,0.856,0.188,0.805,0.329,0.409,0.848,0.799,0.739,0.805,0.601,0.883,0.789,0.839,0.891,0.492,0.897,0.861,0.548,0.707,0.849,0.719,-0.13,0.442,0.168,0.773,-0.03,0.844,0.706,0.872,0.904,0.865,0.897,0.796,0.862,0.863,0.885,0.684,0.859,0.932,0.005,0.845,0.875,0.904,0.868,0.551,0.633,0.804,0.92,0.847,0.846,0.839,-0.852,0.871,0.674,0.602,0.827,0.754,0.888,0.343,0.673,0.868,0.904,0.839,0.776,0.872,0.853,0.874,0.697,0.88,0.34,0.826,0.737,0.198,0.916,0.168,0.895,0.583,0.689,0.498,0.485,0.698,-0.024,0.827,0.756,0.878,0.528,0.825,0.314,0.873,0.887,0.817,0.773,0.654,0.893,0.867,0.883,0.157,0.916,0.712,0.862,0.444,0.568,0.232,0.506,0.625,0.822,0.691,0.862,0.553,0.653,0.864,0.915,0.906,0.75,0.909,0.308,0.874,0.547,0.63,-0.215,0.404,0.784,0.822,0.889,0.874,0.833,0.804,0.704,0.733,0.914,0.791,0.642,0.823,0.849,0.638,-0.021,0.712,0.528,0.618,0.685,0.654,0.134,0.168,0.68,0.869,0.111,0.894,0.875,0.858,0.657,0.898,0.714,0.822,-0.06,0.799,0.917,0.35,0.612,0.896,0.851,0.819,0.454,0.811,0.838,0.802,0.91,0.738,0.869,0.34,0.269,0.195,0.771,0.867,0.852,0.649,0.672,0.673,0.237,0.814,0.827,0.833,0.181,0.453,0.519,0.876,0.628,0.534,0.678,0.328,0.819,0.847,0.894,0.581,0.677,0.682,0.838,0.866,0.321,0.482,0.667,0.826,0.727,0.402,0.662,0.164,0.013,0.539,0.815,0.867,0.311,0.773,0.886
test_user,0.746,0.633,0.686,0.819,0.816,0.787,0.72,0.773,0.689,0.019,0.65,0.853,0.631,0.785,0.123,0.88,0.589,0.825,0.844,0.388,0.571,0.712,0.794,0.513,0.345,0.781,0.667,0.72,-0.535,0.571,0.56,0.738,0.14,0.568,0.356,0.822,0.483,0.807,0.622,0.69,0.812,-0.052,0.655,0.307,0.26,0.834,0.785,0.71,0.6,0.59,0.743,0.761,0.692,0.848,0.457,0.761,0.676,0.577,0.659,0.566,0.635,-0.119,0.175,0.403,0.705,0.152,0.82,0.601,0.623,0.79,0.746,0.759,0.755,0.679,0.751,0.8,0.619,0.818,0.849,-0.356,0.678,0.839,0.74,0.818,0.553,0.695,0.685,0.826,0.644,0.68,0.565,-0.788,0.688,0.443,0.428,0.714,0.661,0.851,0.366,0.634,0.828,0.747,0.826,0.733,0.777,0.726,0.783,0.624,0.847,0.04,0.655,0.892,0.269,0.854,0.118,0.798,0.613,0.603,0.562,0.521,0.605,-0.222,0.724,0.776,0.676,0.517,0.648,0.221,0.833,0.866,0.646,0.714,0.587,0.67,0.838,0.741,0.306,0.861,0.664,0.827,0.517,0.663,0.225,0.524,0.54,0.611,0.56,0.868,0.508,0.733,0.708,0.816,0.837,0.777,0.819,0.449,0.769,0.509,0.78,-0.204,0.28,0.752,0.714,0.793,0.74,0.781,0.522,0.65,0.676,0.87,0.87,0.611,0.64,0.739,0.592,0.118,0.632,0.426,0.59,0.651,0.49,0.062,-0.182,0.618,0.748,-0.224,0.699,0.664,0.815,0.574,0.725,0.825,0.559,-0.373,0.762,0.844,0.538,0.516,0.857,0.712,0.782,0.295,0.525,0.674,0.791,0.742,0.669,0.713,0.483,-0.154,0.01,0.746,0.742,0.576,0.428,0.642,0.604,0.472,0.809,0.805,0.794,-0.109,0.445,0.5,0.868,0.497,0.55,0.633,0.318,0.845,0.796,0.73,0.485,0.447,0.533,0.797,0.896,0.343,0.542,0.737,0.784,0.767,0.359,0.492,0.04,0.181,0.437,0.797,0.727,0.253,0.584,0.814
top_ann37,0.912,0.886,0.866,0.883,0.824,0.852,0.897,0.922,0.861,0.098,0.839,0.881,0.844,0.844,0.169,0.898,0.613,0.695,0.928,0.526,0.842,0.874,0.887,0.597,0.437,0.843,0.851,0.879,-0.237,0.607,0.566,0.782,0.465,0.693,0.223,0.889,0.494,0.788,0.879,0.888,0.879,0.236,0.847,0.365,0.386,0.757,0.88,0.906,0.701,0.687,0.922,0.774,0.923,0.84,0.617,0.903,0.813,0.565,0.52,0.836,0.547,0.073,0.368,0.124,0.613,0.064,0.774,0.696,0.874,0.869,0.828,0.945,0.678,0.895,0.947,0.86,0.806,0.943,0.926,0.068,0.879,0.754,0.919,0.92,0.399,0.774,0.863,0.875,0.867,0.788,0.817,-0.722,0.898,0.611,0.36,0.88,0.85,0.897,0.437,0.747,0.758,0.917,0.743,0.631,0.803,0.811,0.912,0.76,0.784,0.405,0.719,0.756,0.363,0.836,0.274,0.953,0.663,0.857,0.519,0.34,0.589,-0.014,0.867,0.67,0.888,0.49,0.711,0.472,0.795,0.798,0.818,0.719,0.629,0.899,0.773,0.803,0.291,0.918,0.566,0.766,0.524,0.597,0.453,0.662,0.594,0.864,0.553,0.781,0.712,0.684,0.894,0.909,0.884,0.698,0.889,0.445,0.834,0.339,0.593,-0.115,0.429,0.627,0.872,0.852,0.793,0.841,0.796,0.516,0.81,0.884,0.662,0.617,0.707,0.687,0.574,0.089,0.542,0.667,0.607,0.547,0.557,0.145,0.189,0.491,0.794,0.123,0.906,0.868,0.79,0.734,0.796,0.746,0.854,0.076,0.651,0.907,0.439,0.404,0.985,0.913,0.688,0.391,0.812,0.76,0.676,0.913,0.613,0.888,0.44,0.259,-0.057,0.609,0.847,0.837,0.678,0.748,0.764,0.431,0.811,0.706,0.915,0.143,0.68,0.671,0.791,0.59,0.509,0.495,0.444,0.713,0.762,0.883,0.392,0.675,0.744,0.906,0.787,0.407,0.319,0.667,0.743,0.739,0.543,0.476,0.343,0.317,0.6,0.8,0.906,0.31,0.657,0.918
top_kenwigs4,0.81,0.796,0.708,0.904,0.849,0.876,0.814,0.921,0.808,0.36,0.853,0.876,0.785,0.87,0.051,0.894,0.601,0.845,0.91,0.498,0.832,0.903,0.799,0.403,0.353,0.778,0.799,0.824,-0.329,0.651,0.594,0.659,0.555,0.661,0.402,0.874,0.574,0.834,0.788,0.744,0.842,0.078,0.779,0.407,0.3,0.855,0.755,0.681,0.777,0.654,0.827,0.776,0.76,0.879,0.51,0.859,0.832,0.583,0.732,0.833,0.81,-0.22,0.363,0.178,0.757,0.089,0.854,0.718,0.825,0.876,0.805,0.795,0.852,0.837,0.821,0.896,0.581,0.796,0.908,-0.11,0.811,0.87,0.839,0.842,0.532,0.614,0.783,0.858,0.809,0.808,0.818,-0.869,0.877,0.596,0.548,0.788,0.727,0.846,0.313,0.654,0.855,0.842,0.858,0.791,0.879,0.863,0.857,0.707,0.897,0.156,0.824,0.793,0.089,0.912,0.025,0.847,0.6,0.637,0.671,0.649,0.651,-0.28,0.842,0.699,0.837,0.594,0.822,0.207,0.863,0.906,0.717,0.651,0.625,0.866,0.868,0.862,0.167,0.892,0.688,0.876,0.478,0.643,0.123,0.311,0.725,0.764,0.588,0.832,0.454,0.684,0.835,0.875,0.885,0.841,0.879,0.416,0.87,0.575,0.664,-0.02,0.273,0.772,0.798,0.91,0.823,0.85,0.795,0.727,0.711,0.904,0.823,0.609,0.818,0.79,0.577,0.111,0.698,0.427,0.564,0.691,0.52,0.1,0.06,0.695,0.861,0.062,0.826,0.867,0.852,0.588,0.837,0.732,0.761,0.019,0.794,0.881,0.352,0.659,0.804,0.724,0.844,0.246,0.791,0.73,0.845,0.84,0.801,0.815,0.197,0.138,0.241,0.76,0.905,0.826,0.541,0.69,0.591,0.221,0.772,0.817,0.863,0.223,0.473,0.425,0.867,0.592,0.601,0.705,0.385,0.793,0.817,0.794,0.653,0.563,0.587,0.732,0.869,0.254,0.525,0.584,0.841,0.601,0.307,0.716,-0.056,-0.098,0.574,0.736,0.851,0.26,0.741,0.807
viko,0.715,0.66,0.672,0.829,0.834,0.844,0.727,0.86,0.775,0.303,0.791,0.808,0.722,0.86,0.115,0.814,0.628,0.849,0.82,0.343,0.753,0.847,0.67,0.413,0.422,0.752,0.745,0.748,-0.526,0.671,0.604,0.585,0.571,0.639,0.552,0.819,0.662,0.825,0.657,0.677,0.799,0.015,0.686,0.533,0.178,0.871,0.625,0.565,0.69,0.675,0.733,0.779,0.637,0.849,0.478,0.781,0.796,0.666,0.763,0.758,0.843,-0.444,0.297,0.299,0.705,0.16,0.86,0.684,0.709,0.823,0.725,0.631,0.875,0.752,0.73,0.86,0.5,0.673,0.845,-0.16,0.736,0.834,0.731,0.773,0.554,0.53,0.707,0.785,0.722,0.727,0.727,-0.89,0.837,0.488,0.413,0.72,0.647,0.779,0.338,0.633,0.832,0.722,0.901,0.789,0.855,0.786,0.763,0.667,0.884,-0.201,0.781,0.815,0.016,0.871,0.029,0.731,0.489,0.553,0.784,0.796,0.549,-0.502,0.837,0.599,0.734,0.674,0.78,-0.086,0.823,0.895,0.6,0.599,0.554,0.771,0.844,0.776,0.285,0.82,0.605,0.865,0.543,0.686,0.005,0.076,0.789,0.663,0.439,0.809,0.348,0.742,0.761,0.813,0.87,0.936,0.811,0.535,0.82,0.459,0.758,0.151,0.139,0.738,0.726,0.881,0.733,0.877,0.694,0.754,0.65,0.846,0.855,0.551,0.771,0.725,0.471,0.319,0.657,0.217,0.557,0.614,0.397,0.013,-0.084,0.703,0.805,0.013,0.709,0.78,0.834,0.501,0.752,0.695,0.63,0.149,0.739,0.807,0.393,0.613,0.677,0.574,0.853,0.084,0.678,0.573,0.839,0.736,0.833,0.703,0.001,-0.052,0.221,0.729,0.867,0.728,0.529,0.632,0.467,0.294,0.651,0.796,0.822,0.247,0.455,0.262,0.863,0.449,0.741,0.704,0.317,0.83,0.75,0.641,0.573,0.436,0.435,0.591,0.888,0.153,0.411,0.47,0.79,0.44,0.079,0.658,-0.293,-0.203,0.499,0.573,0.779,0.186,0.689,0.682
vitto,0.632,0.566,0.434,0.66,0.478,0.551,0.584,0.622,0.466,0.185,0.628,0.631,0.48,0.516,-0.172,0.628,0.529,0.559,0.635,0.605,0.65,0.606,0.685,0.122,-0.085,0.544,0.406,0.611,-0.266,0.527,0.549,0.393,0.17,0.56,-0.019,0.627,0.117,0.58,0.558,0.488,0.503,0.082,0.538,0.083,0.431,0.584,0.586,0.708,0.636,0.444,0.582,0.339,0.6,0.622,0.189,0.685,0.53,0.289,0.464,0.639,0.373,-0.091,0.487,-0.294,0.526,0.246,0.551,0.464,0.624,0.641,0.714,0.707,0.63,0.633,0.512,0.564,0.321,0.527,0.607,0.239,0.526,0.585,0.588,0.626,0.207,0.318,0.501,0.63,0.527,0.652,0.667,-0.63,0.602,0.484,0.293,0.522,0.33,0.601,-0.105,0.366,0.554,0.644,0.567,0.503,0.493,0.632,0.603,0.554,0.539,0.444,0.612,0.533,0.079,0.624,0.214,0.63,0.352,0.475,0.027,0.129,0.567,0.24,0.466,0.54,0.609,0.322,0.607,0.411,0.586,0.537,0.715,0.682,0.583,0.669,0.583,0.644,-0.1,0.588,0.467,0.533,0.165,0.352,0.088,0.479,-0.078,0.71,0.598,0.569,0.332,0.423,0.538,0.596,0.547,0.446,0.576,0.078,0.547,0.307,0.233,-0.425,0.429,0.48,0.513,0.543,0.566,0.584,0.676,0.464,0.185,0.538,0.459,0.165,0.616,0.565,0.364,-0.166,0.511,0.208,0.476,0.33,0.658,-0.163,0.319,0.481,0.67,0.29,0.639,0.543,0.539,0.23,0.571,0.447,0.617,-0.219,0.537,0.614,-0.13,0.367,0.683,0.587,0.548,0.322,0.676,0.58,0.59,0.645,0.431,0.557,0.424,0.299,0.161,0.467,0.577,0.665,0.435,0.583,0.293,-0.16,0.457,0.492,0.556,0.187,0.329,0.238,0.519,0.287,0.166,0.509,0.327,0.551,0.597,0.65,0.219,0.792,0.365,0.564,0.509,-0.071,0.126,0.395,0.613,0.49,0.271,0.338,0.307,-0.123,0.209,0.515,0.643,0.16,0.494,0.602
waitamomentic,0.913,0.863,0.898,0.853,0.795,0.825,0.903,0.904,0.861,0.001,0.825,0.852,0.836,0.827,0.246,0.858,0.657,0.639,0.897,0.47,0.845,0.856,0.879,0.657,0.447,0.874,0.845,0.908,-0.277,0.621,0.593,0.767,0.442,0.756,0.184,0.865,0.496,0.777,0.86,0.927,0.857,0.167,0.862,0.413,0.401,0.722,0.834,0.946,0.654,0.739,0.913,0.696,0.923,0.829,0.639,0.903,0.812,0.593,0.451,0.837,0.49,0.087,0.367,0.057,0.527,0.206,0.755,0.684,0.858,0.843,0.839,0.937,0.658,0.903,0.945,0.83,0.805,0.886,0.907,0.078,0.87,0.693,0.888,0.939,0.318,0.774,0.863,0.839,0.853,0.783,0.815,-0.713,0.903,0.577,0.207,0.877,0.821,0.882,0.428,0.77,0.689,0.895,0.735,0.566,0.761,0.765,0.894,0.812,0.723,0.367,0.678,0.745,0.388,0.786,0.316,0.936,0.662,0.918,0.521,0.283,0.512,0.03,0.895,0.552,0.871,0.517,0.667,0.5,0.727,0.743,0.82,0.721,0.636,0.893,0.723,0.754,0.329,0.887,0.425,0.71,0.594,0.562,0.486,0.717,0.556,0.894,0.445,0.727,0.741,0.708,0.882,0.882,0.856,0.682,0.856,0.52,0.794,0.182,0.569,-0.063,0.383,0.537,0.869,0.818,0.755,0.869,0.805,0.446,0.81,0.839,0.594,0.492,0.664,0.614,0.508,0.161,0.461,0.588,0.631,0.413,0.536,0.076,0.194,0.419,0.763,0.165,0.889,0.829,0.764,0.704,0.738,0.713,0.852,0.165,0.569,0.871,0.406,0.301,1.0,0.908,0.633,0.324,0.818,0.675,0.63,0.906,0.572,0.867,0.481,0.256,-0.152,0.517,0.824,0.832,0.731,0.781,0.731,0.453,0.698,0.627,0.919,0.18,0.756,0.652,0.735,0.503,0.51,0.428,0.478,0.67,0.673,0.853,0.273,0.696,0.708,0.905,0.737,0.351,0.162,0.592,0.662,0.707,0.497,0.37,0.39,0.423,0.567,0.69,0.9,0.289,0.622,0.898
wide,0.767,0.707,0.497,0.773,0.697,0.746,0.76,0.759,0.644,0.356,0.734,0.776,0.657,0.722,-0.035,0.826,0.53,0.722,0.779,0.687,0.721,0.74,0.765,0.153,0.383,0.379,0.619,0.748,-0.323,0.675,0.61,0.548,0.32,0.498,0.557,0.774,0.419,0.655,0.7,0.503,0.67,0.09,0.688,0.405,0.319,0.722,0.555,0.404,0.672,0.371,0.73,0.594,0.653,0.764,0.345,0.73,0.844,0.52,0.659,0.726,0.687,-0.304,0.384,0.258,0.673,-0.242,0.728,0.577,0.744,0.75,0.765,0.702,0.7,0.673,0.661,0.73,0.588,0.627,0.782,0.072,0.721,0.772,0.783,0.633,0.692,0.425,0.66,0.804,0.734,0.78,0.705,-0.759,0.701,0.588,0.71,0.704,0.526,0.724,0.37,0.563,0.738,0.742,0.747,0.677,0.8,0.715,0.681,0.51,0.748,0.204,0.721,0.418,0.096,0.774,0.147,0.64,0.335,0.436,0.353,0.473,0.581,0.09,0.664,0.589,0.742,0.496,0.729,0.008,0.716,0.73,0.684,0.717,0.55,0.723,0.725,0.738,0.176,0.73,0.585,0.716,0.343,0.236,0.063,0.248,0.523,0.652,0.731,0.721,0.37,0.517,0.732,0.747,0.795,0.596,0.745,0.105,0.752,0.483,0.547,-0.193,0.168,0.687,0.679,0.74,0.812,0.69,0.656,0.66,0.567,0.775,0.697,0.526,0.724,0.858,0.646,0.018,0.611,0.354,0.508,0.602,0.659,0.168,0.135,0.624,0.732,0.094,0.765,0.752,0.764,0.599,0.869,0.477,0.658,-0.121,0.677,0.756,0.331,0.558,0.641,0.665,0.715,0.45,0.66,0.753,0.699,0.784,0.713,0.759,0.131,0.264,0.257,0.677,0.66,0.717,0.533,0.443,0.554,0.165,0.628,0.711,0.512,0.161,0.09,0.354,0.754,0.594,0.495,0.602,-0.13,0.721,0.696,0.743,0.548,0.566,0.59,0.677,0.747,0.258,0.455,0.529,0.673,0.536,0.144,0.629,0.003,-0.238,0.404,0.632,0.69,0.069,0.796,0.699
